Province_State,UID,code3,FIPS,Lat,Long_,1/22/20,1/23/20,1/24/20,1/25/20,1/26/20,1/27/20,1/28/20,1/29/20,1/30/20,1/31/20,2/1/20,2/2/20,2/3/20,2/4/20,2/5/20,2/6/20,2/7/20,2/8/20,2/9/20,2/10/20,2/11/20,2/12/20,2/13/20,2/14/20,2/15/20,2/16/20,2/17/20,2/18/20,2/19/20,2/20/20,2/21/20,2/22/20,2/23/20,2/24/20,2/25/20,2/26/20,2/27/20,2/28/20,2/29/20,3/1/20,3/2/20,3/3/20,3/4/20,3/5/20,3/6/20,3/7/20,3/8/20,3/9/20,3/10/20,3/11/20,3/12/20,3/13/20,3/14/20,3/15/20,3/16/20,3/17/20,3/18/20,3/19/20,3/20/20,3/21/20,3/22/20,3/23/20,3/24/20,3/25/20,3/26/20,3/27/20,3/28/20,3/29/20,3/30/20,3/31/20,4/1/20,4/2/20,4/3/20,4/4/20,4/5/20,4/6/20,4/7/20,4/8/20,4/9/20,4/10/20,4/11/20,4/12/20,4/13/20,4/14/20,4/15/20,4/16/20,4/17/20,4/18/20,4/19/20,4/20/20,4/21/20,4/22/20,4/23/20,4/24/20,4/25/20,4/26/20,4/27/20,4/28/20,4/29/20,4/30/20,5/1/20,5/2/20,5/3/20,5/4/20,5/5/20,5/6/20,5/7/20,5/8/20,5/9/20,5/10/20,5/11/20,5/12/20,5/13/20,5/14/20,5/15/20,5/16/20,5/17/20,5/18/20,5/19/20,5/20/20,5/21/20,5/22/20,5/23/20,5/24/20,5/25/20,5/26/20,5/27/20,5/28/20,5/29/20,5/30/20,5/31/20,6/1/20,6/2/20,6/3/20,6/4/20,6/5/20,6/6/20,6/7/20,6/8/20,6/9/20,6/10/20,6/11/20,6/12/20,6/13/20,6/14/20,6/15/20,6/16/20,6/17/20,6/18/20
Alabama,5796241491.0,57960.0,241491.0,2203.24678369,-5809.578199250002,0.0,0.0,0.0,0.0,0.0,0.0,0.0,0.0,0.0,0.0,0.0,0.0,0.0,0.0,0.0,0.0,0.0,0.0,0.0,0.0,0.0,0.0,0.0,0.0,0.0,0.0,0.0,0.0,0.0,0.0,0.0,0.0,0.0,0.0,0.0,0.0,0.0,0.0,0.0,0.0,0.0,0.0,0.0,0.0,0.0,0.0,0.0,0.0,0.0,0.0,0.0,5.0,7.0,11.0,29.0,39.0,51.0,78.0,106.0,131.0,157.0,196.0,242.0,381.0,517.0,587.0,694.0,825.0,899.0,987.0,1060.0,1233.0,1495.0,1614.0,1765.0,1952.0,2169.0,2328.0,2703.0,2947.0,3217.0,3563.0,3734.0,3953.0,4075.0,4345.0,4571.0,4712.0,4888.0,5079.0,5317.0,5593.0,5832.0,6026.0,6026.0,6421.0,6539.0,6750.0,6912.0,7088.0,7294.0,7611.0,7888.0,8112.0,8437.0,8691.0,9046.0,9385.0,9668.0,9889.0,10164.0,10464.0,10700.0,11101.0,11373.0,11674.0,11771.0,12086.0,12376.0,13052.0,13288.0,13670.0,14117.0,14478.0,14986.0,15650.0,16032.0,16530.0,17031.0,17359.0,17952.0,18630.0,18766.0,18851.0,19072.0,19387.0,20043.0,20500.0,20925.0,21422.0,21989.0,22845.0,23710.0,24601.0,25615.0,26272.0,26912.0,27312.0,28206.0
Alaska,2604232344.0,26040.0,232344.0,1747.5798765500003,-4229.3193343,0.0,0.0,0.0,0.0,0.0,0.0,0.0,0.0,0.0,0.0,0.0,0.0,0.0,0.0,0.0,0.0,0.0,0.0,0.0,0.0,0.0,0.0,0.0,0.0,0.0,0.0,0.0,0.0,0.0,0.0,0.0,0.0,0.0,0.0,0.0,0.0,0.0,0.0,0.0,0.0,0.0,0.0,0.0,0.0,0.0,0.0,0.0,0.0,0.0,0.0,0.0,1.0,1.0,1.0,1.0,3.0,5.0,8.0,11.0,13.0,18.0,30.0,34.0,41.0,56.0,58.0,85.0,102.0,114.0,119.0,132.0,143.0,157.0,171.0,185.0,190.0,213.0,226.0,235.0,246.0,257.0,272.0,277.0,285.0,293.0,300.0,309.0,314.0,319.0,321.0,329.0,335.0,337.0,339.0,339.0,340.0,345.0,351.0,355.0,355.0,364.0,365.0,368.0,370.0,371.0,372.0,374.0,377.0,378.0,379.0,379.0,383.0,383.0,383.0,388.0,388.0,388.0,388.0,400.0,401.0,401.0,403.0,407.0,407.0,408.0,410.0,411.0,424.0,429.0,433.0,459.0,466.0,486.0,504.0,512.0,523.0,535.0,543.0,562.0,572.0,592.0,609.0,624.0,653.0,660.0,663.0,675.0,695.0,707.0
American Samoa,16.0,16.0,60.0,-14.271,-170.132,0.0,0.0,0.0,0.0,0.0,0.0,0.0,0.0,0.0,0.0,0.0,0.0,0.0,0.0,0.0,0.0,0.0,0.0,0.0,0.0,0.0,0.0,0.0,0.0,0.0,0.0,0.0,0.0,0.0,0.0,0.0,0.0,0.0,0.0,0.0,0.0,0.0,0.0,0.0,0.0,0.0,0.0,0.0,0.0,0.0,0.0,0.0,0.0,0.0,0.0,0.0,0.0,0.0,0.0,0.0,0.0,0.0,0.0,0.0,0.0,0.0,0.0,0.0,0.0,0.0,0.0,0.0,0.0,0.0,0.0,0.0,0.0,0.0,0.0,0.0,0.0,0.0,0.0,0.0,0.0,0.0,0.0,0.0,0.0,0.0,0.0,0.0,0.0,0.0,0.0,0.0,0.0,0.0,0.0,0.0,0.0,0.0,0.0,0.0,0.0,0.0,0.0,0.0,0.0,0.0,0.0,0.0,0.0,0.0,0.0,0.0,0.0,0.0,0.0,0.0,0.0,0.0,0.0,0.0,0.0,0.0,0.0,0.0,0.0,0.0,0.0,0.0,0.0,0.0,0.0,0.0,0.0,0.0,0.0,0.0,0.0,0.0,0.0,0.0,0.0,0.0,0.0,0.0,0.0,0.0,0.0,0.0,0.0,0.0
Arizona,1428230216.0,14280.0,230216.0,505.13855463,-1671.9484819,0.0,0.0,0.0,0.0,1.0,1.0,1.0,1.0,1.0,1.0,1.0,1.0,1.0,1.0,1.0,1.0,1.0,1.0,1.0,1.0,1.0,1.0,1.0,1.0,1.0,1.0,1.0,1.0,1.0,1.0,1.0,1.0,1.0,1.0,1.0,1.0,1.0,1.0,1.0,1.0,1.0,1.0,1.0,1.0,2.0,4.0,4.0,4.0,6.0,9.0,9.0,9.0,12.0,12.0,18.0,20.0,27.0,45.0,68.0,104.0,152.0,235.0,326.0,401.0,508.0,665.0,773.0,919.0,1157.0,1289.0,1413.0,1596.0,1769.0,2019.0,2269.0,2460.0,2575.0,2726.0,3018.0,3112.0,3393.0,3542.0,3705.0,3809.0,3964.0,4237.0,4511.0,4724.0,4933.0,5068.0,5256.0,5473.0,5772.0,6045.0,6286.0,6534.0,6725.0,6955.0,7209.0,7655.0,7969.0,8364.0,8640.0,8924.0,9305.0,9707.0,9945.0,10526.0,10960.0,11119.0,11383.0,11736.0,12216.0,12674.0,13169.0,13666.0,13945.0,14208.0,14576.0,14906.0,15348.0,15624.0,16053.0,16377.0,16575.0,16864.0,17318.0,17877.0,18472.0,19258.0,19936.0,20129.0,21264.0,22356.0,22886.0,24439.0,25451.0,26989.0,27678.0,28296.0,29852.0,31267.0,33039.0,34660.0,35706.0,36844.0,39185.0,40937.0,43445.0
Arkansas,6468550635.0,64680.0,550635.0,2618.39170427,-6932.548370129999,0.0,0.0,0.0,0.0,0.0,0.0,0.0,0.0,0.0,0.0,0.0,0.0,0.0,0.0,0.0,0.0,0.0,0.0,0.0,0.0,0.0,0.0,0.0,0.0,0.0,0.0,0.0,0.0,0.0,0.0,0.0,0.0,0.0,0.0,0.0,0.0,0.0,0.0,0.0,0.0,0.0,0.0,0.0,0.0,0.0,0.0,0.0,0.0,0.0,0.0,0.0,9.0,12.0,3.0,3.0,3.0,4.0,62.0,100.0,122.0,165.0,192.0,219.0,280.0,335.0,381.0,409.0,426.0,473.0,523.0,584.0,643.0,704.0,743.0,837.0,875.0,946.0,1000.0,1119.0,1171.0,1228.0,1280.0,1410.0,1498.0,1569.0,1620.0,1695.0,1744.0,1781.0,1973.0,1990.0,2276.0,2599.0,2810.0,2911.0,3001.0,3069.0,3127.0,3193.0,3281.0,3337.0,3372.0,3437.0,3491.0,3525.0,3611.0,3703.0,3747.0,3747.0,4012.0,4043.0,4164.0,4236.0,4366.0,4463.0,4578.0,4759.0,4813.0,4923.0,5003.0,5458.0,5612.0,5775.0,5922.0,6029.0,6180.0,6277.0,6538.0,6777.0,7013.0,7253.0,7443.0,7818.0,8067.0,8425.0,8651.0,9101.0,9426.0,9740.0,10080.0,10368.0,10816.0,11547.0,12095.0,12501.0,12917.0,13191.0,13606.0,13928.0
California,5040521376.0,50400.0,521376.0,2194.94977547,-7002.258461499999,0.0,0.0,0.0,0.0,2.0,2.0,2.0,2.0,2.0,3.0,3.0,3.0,6.0,6.0,6.0,6.0,6.0,6.0,6.0,6.0,7.0,7.0,8.0,8.0,8.0,8.0,8.0,8.0,8.0,8.0,10.0,10.0,10.0,10.0,10.0,10.0,11.0,11.0,12.0,12.0,21.0,25.0,35.0,51.0,59.0,81.0,95.0,101.0,144.0,178.0,221.0,281.0,372.0,373.0,557.0,700.0,828.0,1005.0,1243.0,1405.0,1646.0,2108.0,2538.0,2998.0,3899.0,4657.0,5095.0,5852.0,7138.0,8210.0,9399.0,10773.0,12004.0,12837.0,15034.0,16019.0,17351.0,18897.0,19710.0,21081.0,21706.0,22795.0,23931.0,25356.0,26686.0,27677.0,29157.0,30491.0,31431.0,33686.0,35465.0,37344.0,39561.0,41355.0,42368.0,43558.0,44966.0,46164.0,48747.0,50130.0,52026.0,53347.0,54903.0,55884.0,58456.0,60616.0,62148.0,63779.0,66558.0,67600.0,69329.0,70978.0,72798.0,74871.0,76693.0,78725.0,80166.0,81457.0,83752.0,85997.0,88031.0,90252.0,92539.0,94020.0,96400.0,99387.0,101050.0,103813.0,106622.0,109895.0,111951.0,114733.0,117215.0,119348.0,122168.0,125738.0,128593.0,130615.0,133816.0,136641.0,139715.0,143377.0,146659.0,150018.0,152300.0,155726.0,158961.0,162798.0,167086.0
Colorado,5544685999.0,55440.0,685999.0,2491.870365929999,-6751.119357399998,0.0,0.0,0.0,0.0,0.0,0.0,0.0,0.0,0.0,0.0,0.0,0.0,0.0,0.0,0.0,0.0,0.0,0.0,0.0,0.0,0.0,0.0,0.0,0.0,0.0,0.0,0.0,0.0,0.0,0.0,0.0,0.0,0.0,0.0,0.0,0.0,0.0,0.0,0.0,0.0,0.0,0.0,0.0,2.0,8.0,8.0,8.0,12.0,17.0,34.0,49.0,78.0,103.0,136.0,161.0,183.0,216.0,278.0,364.0,475.0,595.0,723.0,912.0,1087.0,1430.0,1738.0,2061.0,2308.0,2627.0,2966.0,3342.0,3728.0,4173.0,4565.0,4950.0,5183.0,5429.0,5655.0,6202.0,6513.0,6893.0,7307.0,7696.0,7950.0,8280.0,8675.0,9047.0,9440.0,9730.0,10112.0,10473.0,10891.0,11278.0,12256.0,12968.0,13441.0,13879.0,14316.0,14758.0,15284.0,15793.0,16225.0,16635.0,16918.0,17367.0,17832.0,18370.0,18827.0,19375.0,19703.0,19879.0,20157.0,20475.0,20838.0,21232.0,21633.0,21938.0,22202.0,22482.0,22797.0,23191.0,23487.0,23964.0,24174.0,24256.0,24552.0,24754.0,25107.0,25598.0,26084.0,26364.0,26563.0,26774.0,27046.0,27346.0,27601.0,27834.0,27987.0,28169.0,28333.0,28484.0,28632.0,28807.0,29002.0,29115.0,29284.0,29427.0,29656.0,29886.0
Connecticut,840242082.0,8400.0,242082.0,332.90944112,-581.25463743,0.0,0.0,0.0,0.0,0.0,0.0,0.0,0.0,0.0,0.0,0.0,0.0,0.0,0.0,0.0,0.0,0.0,0.0,0.0,0.0,0.0,0.0,0.0,0.0,0.0,0.0,0.0,0.0,0.0,0.0,0.0,0.0,0.0,0.0,0.0,0.0,0.0,0.0,0.0,0.0,0.0,0.0,0.0,0.0,0.0,0.0,0.0,0.0,1.0,3.0,5.0,11.0,23.0,24.0,41.0,68.0,96.0,159.0,194.0,194.0,327.0,415.0,618.0,875.0,1012.0,1291.0,1524.0,1993.0,2571.0,3128.0,3557.0,3824.0,4914.0,5276.0,5675.0,6906.0,7781.0,7781.0,9784.0,10538.0,11510.0,12035.0,13381.0,13989.0,14755.0,15884.0,16809.0,17550.0,17962.0,19815.0,20360.0,22469.0,23100.0,23936.0,24583.0,25269.0,25997.0,26312.0,26767.0,27700.0,28764.0,29287.0,29287.0,29973.0,30621.0,30995.0,31784.0,32411.0,32984.0,33554.0,33765.0,34333.0,34855.0,35464.0,36085.0,36703.0,37419.0,38116.0,38430.0,39017.0,39208.0,39640.0,40022.0,40468.0,40873.0,41303.0,41288.0,41559.0,41762.0,42022.0,42201.0,42740.0,42979.0,43091.0,43239.0,43460.0,43818.0,43968.0,44092.0,44179.0,44347.0,44461.0,44689.0,44994.0,45088.0,45235.0,45349.0,45429.0,45440.0
Delaware,420200029.0,4200.0,200029.0,117.32783047000001,-226.59971236999996,0.0,0.0,0.0,0.0,0.0,0.0,0.0,0.0,0.0,0.0,0.0,0.0,0.0,0.0,0.0,0.0,0.0,0.0,0.0,0.0,0.0,0.0,0.0,0.0,0.0,0.0,0.0,0.0,0.0,0.0,0.0,0.0,0.0,0.0,0.0,0.0,0.0,0.0,0.0,0.0,0.0,0.0,0.0,0.0,0.0,0.0,0.0,0.0,0.0,1.0,1.0,4.0,6.0,6.0,8.0,16.0,19.0,30.0,39.0,45.0,56.0,68.0,104.0,119.0,130.0,163.0,214.0,232.0,264.0,319.0,368.0,393.0,450.0,593.0,673.0,783.0,928.0,1116.0,1209.0,1326.0,1479.0,1625.0,1758.0,1926.0,2014.0,2070.0,2317.0,2538.0,2538.0,2745.0,2931.0,3200.0,3308.0,3442.0,3576.0,4034.0,4162.0,4575.0,4655.0,4734.0,4918.0,5038.0,5208.0,5288.0,5371.0,5778.0,5939.0,6111.0,6277.0,6277.0,6565.0,6741.0,6952.0,7223.0,7373.0,7547.0,7670.0,7869.0,8037.0,8194.0,8386.0,8529.0,8529.0,8809.0,8965.0,9066.0,9096.0,9171.0,9236.0,9422.0,9498.0,9605.0,9685.0,9712.0,9746.0,9773.0,9845.0,9942.0,9972.0,10020.0,10056.0,10106.0,10173.0,10229.0,10264.0,10340.0,10403.0,10444.0,10499.0
Diamond Princess,84088888.0,840.0,88888.0,0.0,0.0,0.0,0.0,0.0,0.0,0.0,0.0,0.0,0.0,0.0,0.0,0.0,0.0,0.0,0.0,0.0,0.0,0.0,0.0,0.0,0.0,0.0,0.0,0.0,0.0,0.0,0.0,0.0,0.0,0.0,0.0,0.0,0.0,0.0,0.0,0.0,0.0,0.0,0.0,0.0,0.0,0.0,0.0,0.0,0.0,0.0,0.0,0.0,0.0,0.0,0.0,0.0,0.0,0.0,0.0,0.0,47.0,47.0,47.0,49.0,49.0,49.0,49.0,49.0,49.0,49.0,49.0,49.0,49.0,49.0,49.0,49.0,49.0,49.0,49.0,49.0,49.0,49.0,49.0,49.0,49.0,49.0,49.0,49.0,49.0,49.0,49.0,49.0,49.0,49.0,49.0,49.0,49.0,49.0,49.0,49.0,49.0,49.0,49.0,49.0,49.0,49.0,49.0,49.0,49.0,49.0,49.0,49.0,49.0,49.0,49.0,49.0,49.0,49.0,49.0,49.0,49.0,49.0,49.0,49.0,49.0,49.0,49.0,49.0,49.0,49.0,49.0,49.0,49.0,49.0,49.0,49.0,49.0,49.0,49.0,49.0,49.0,49.0,49.0,49.0,49.0,49.0,49.0,49.0,49.0,49.0,49.0,49.0,49.0,49.0
District of Columbia,252181023.0,2520.0,181023.0,38.90417773,-77.01655992,0.0,0.0,0.0,0.0,0.0,0.0,0.0,0.0,0.0,0.0,0.0,0.0,0.0,0.0,0.0,0.0,0.0,0.0,0.0,0.0,0.0,0.0,0.0,0.0,0.0,0.0,0.0,0.0,0.0,0.0,0.0,0.0,0.0,0.0,0.0,0.0,0.0,0.0,0.0,0.0,0.0,0.0,0.0,0.0,0.0,0.0,0.0,0.0,0.0,0.0,0.0,0.0,0.0,0.0,22.0,22.0,31.0,40.0,71.0,98.0,102.0,120.0,141.0,187.0,231.0,271.0,304.0,342.0,401.0,495.0,586.0,653.0,757.0,902.0,1002.0,1097.0,1211.0,1440.0,1523.0,1660.0,1778.0,1875.0,1955.0,2058.0,2197.0,2350.0,2476.0,2666.0,2793.0,2927.0,3098.0,3206.0,3361.0,3528.0,3699.0,3841.0,3892.0,3994.0,4106.0,4323.0,4658.0,4797.0,5016.0,5170.0,5322.0,5461.0,5654.0,5899.0,6102.0,6272.0,6389.0,6485.0,6584.0,6736.0,6871.0,7042.0,7123.0,7270.0,7434.0,7551.0,7788.0,7893.0,7966.0,8110.0,8225.0,8334.0,8406.0,8492.0,8538.0,8717.0,8801.0,8857.0,8886.0,9016.0,9120.0,9199.0,9269.0,9332.0,9389.0,9474.0,9537.0,9589.0,9654.0,9709.0,9767.0,9799.0,9818.0,9847.0,9903.0
Florida,5796978574.0,57960.0,978574.0,1939.0305769000004,-5540.949841920001,0.0,0.0,0.0,0.0,0.0,0.0,0.0,0.0,0.0,0.0,0.0,0.0,0.0,0.0,0.0,0.0,0.0,0.0,0.0,0.0,0.0,0.0,0.0,0.0,0.0,0.0,0.0,0.0,0.0,0.0,0.0,0.0,0.0,0.0,0.0,0.0,0.0,0.0,0.0,0.0,1.0,2.0,2.0,3.0,3.0,7.0,10.0,13.0,15.0,24.0,30.0,50.0,76.0,100.0,101.0,190.0,306.0,432.0,564.0,763.0,1004.0,1227.0,1412.0,1682.0,2357.0,2900.0,3763.0,4246.0,5473.0,6741.0,6956.0,9008.0,10268.0,11537.0,12350.0,13324.0,14545.0,15456.0,16364.0,17531.0,18494.0,19895.0,21019.0,21628.0,22511.0,23343.0,24759.0,25492.0,26314.0,27059.0,27869.0,28309.0,29648.0,30533.0,30839.0,31532.0,32138.0,32848.0,33193.0,33690.0,34728.0,35463.0,36078.0,36897.0,37439.0,38002.0,38828.0,39199.0,40001.0,40596.0,40982.0,41923.0,42402.0,43210.0,44138.0,44811.0,45588.0,46442.0,46944.0,47471.0,48675.0,49451.0,50127.0,50867.0,51746.0,52255.0,52634.0,53285.0,54497.0,55424.0,56163.0,56830.0,57447.0,58764.0,60183.0,61488.0,62758.0,63938.0,64904.0,66000.0,67371.0,69069.0,70971.0,73552.0,75568.0,77326.0,80109.0,82719.0,85926.0
Georgia,13526262703.0,135240.0,2262703.0,5216.5566110300015,-13288.811358250005,0.0,0.0,0.0,0.0,0.0,0.0,0.0,0.0,0.0,0.0,0.0,0.0,0.0,0.0,0.0,0.0,0.0,0.0,0.0,0.0,0.0,0.0,0.0,0.0,0.0,0.0,0.0,0.0,0.0,0.0,0.0,0.0,0.0,0.0,0.0,0.0,0.0,0.0,0.0,0.0,0.0,2.0,2.0,2.0,3.0,5.0,5.0,10.0,17.0,23.0,31.0,42.0,73.0,99.0,121.0,146.0,197.0,287.0,485.0,555.0,621.0,772.0,1026.0,1247.0,1525.0,2000.0,2366.0,2651.0,2808.0,3929.0,4638.0,5348.0,5831.0,6160.0,6647.0,7314.0,8822.0,9901.0,10566.0,11485.0,12159.0,12452.0,13315.0,14578.0,14987.0,15669.0,17194.0,17669.0,18301.0,19407.0,19881.0,21214.0,21883.0,22491.0,23222.0,23486.0,24302.0,24922.0,25775.0,26264.0,27489.0,28331.0,28665.0,29451.0,29998.0,30743.0,31618.0,32181.0,32588.0,33580.0,34002.0,34924.0,35427.0,35977.0,36772.0,37212.0,37579.0,38283.0,38855.0,39801.0,40663.0,41482.0,42242.0,42902.0,43400.0,43983.0,44638.0,45266.0,45881.0,46331.0,47063.0,47902.0,48207.0,48894.0,49859.0,50621.0,51359.0,51898.0,52497.0,53249.0,53980.0,54973.0,55783.0,56804.0,57681.0,58414.0,59078.0,60030.0,60912.0
Grand Princess,84099999.0,840.0,99999.0,0.0,0.0,0.0,0.0,0.0,0.0,0.0,0.0,0.0,0.0,0.0,0.0,0.0,0.0,0.0,0.0,0.0,0.0,0.0,0.0,0.0,0.0,0.0,0.0,0.0,0.0,0.0,0.0,0.0,0.0,0.0,0.0,0.0,0.0,0.0,0.0,0.0,0.0,0.0,0.0,0.0,0.0,0.0,0.0,0.0,0.0,0.0,0.0,0.0,0.0,0.0,0.0,0.0,0.0,0.0,0.0,20.0,21.0,21.0,22.0,23.0,23.0,30.0,28.0,28.0,28.0,28.0,28.0,103.0,103.0,103.0,103.0,103.0,103.0,103.0,103.0,103.0,103.0,103.0,103.0,103.0,103.0,103.0,103.0,103.0,103.0,103.0,103.0,103.0,103.0,103.0,103.0,103.0,103.0,103.0,103.0,103.0,103.0,103.0,103.0,103.0,103.0,103.0,103.0,103.0,103.0,103.0,103.0,103.0,103.0,103.0,103.0,103.0,103.0,103.0,103.0,103.0,103.0,103.0,103.0,103.0,103.0,103.0,103.0,103.0,103.0,103.0,103.0,103.0,103.0,103.0,103.0,103.0,103.0,103.0,103.0,103.0,103.0,103.0,103.0,103.0,103.0,103.0,103.0,103.0,103.0,103.0,103.0,103.0,103.0,103.0
Guam,316.0,316.0,66.0,13.4443,144.7937,0.0,0.0,0.0,0.0,0.0,0.0,0.0,0.0,0.0,0.0,0.0,0.0,0.0,0.0,0.0,0.0,0.0,0.0,0.0,0.0,0.0,0.0,0.0,0.0,0.0,0.0,0.0,0.0,0.0,0.0,0.0,0.0,0.0,0.0,0.0,0.0,0.0,0.0,0.0,0.0,0.0,0.0,0.0,0.0,0.0,0.0,0.0,0.0,0.0,0.0,0.0,0.0,0.0,0.0,3.0,3.0,5.0,12.0,14.0,15.0,27.0,29.0,32.0,37.0,45.0,51.0,55.0,56.0,58.0,69.0,77.0,82.0,84.0,93.0,112.0,113.0,121.0,121.0,128.0,130.0,133.0,133.0,133.0,133.0,135.0,135.0,136.0,136.0,136.0,136.0,136.0,136.0,139.0,141.0,141.0,141.0,141.0,141.0,141.0,145.0,145.0,145.0,145.0,145.0,145.0,149.0,149.0,151.0,151.0,151.0,151.0,152.0,152.0,152.0,154.0,154.0,154.0,154.0,154.0,154.0,165.0,165.0,165.0,166.0,166.0,167.0,170.0,171.0,172.0,172.0,172.0,175.0,175.0,177.0,179.0,179.0,179.0,179.0,179.0,180.0,180.0,183.0,183.0,183.0,183.0,185.0,186.0,188.0,192.0
Hawaii,588245055.0,5880.0,245055.0,105.14141503,-786.6161824,0.0,0.0,0.0,0.0,0.0,0.0,0.0,0.0,0.0,0.0,0.0,0.0,0.0,0.0,0.0,0.0,0.0,0.0,0.0,0.0,0.0,0.0,0.0,0.0,0.0,0.0,0.0,0.0,0.0,0.0,0.0,0.0,0.0,0.0,0.0,0.0,0.0,0.0,0.0,0.0,0.0,0.0,0.0,0.0,0.0,1.0,1.0,1.0,3.0,2.0,2.0,2.0,4.0,6.0,8.0,10.0,15.0,25.0,36.0,36.0,53.0,56.0,90.0,91.0,95.0,106.0,149.0,149.0,175.0,204.0,224.0,256.0,319.0,351.0,371.0,387.0,410.0,410.0,442.0,442.0,465.0,499.0,504.0,511.0,524.0,530.0,541.0,574.0,580.0,584.0,586.0,592.0,596.0,601.0,605.0,606.0,607.0,609.0,613.0,618.0,619.0,620.0,620.0,621.0,625.0,626.0,629.0,629.0,631.0,632.0,634.0,635.0,638.0,637.0,638.0,639.0,640.0,640.0,641.0,643.0,647.0,642.0,643.0,643.0,643.0,643.0,644.0,647.0,649.0,651.0,652.0,652.0,653.0,653.0,655.0,664.0,673.0,675.0,676.0,682.0,685.0,692.0,706.0,723.0,728.0,736.0,736.0,744.0,762.0
Idaho,3864875968.0,38640.0,875968.0,1947.5896553700004,-5036.245496399999,0.0,0.0,0.0,0.0,0.0,0.0,0.0,0.0,0.0,0.0,0.0,0.0,0.0,0.0,0.0,0.0,0.0,0.0,0.0,0.0,0.0,0.0,0.0,0.0,0.0,0.0,0.0,0.0,0.0,0.0,0.0,0.0,0.0,0.0,0.0,0.0,0.0,0.0,0.0,0.0,0.0,0.0,0.0,0.0,0.0,0.0,0.0,0.0,0.0,0.0,0.0,1.0,2.0,4.0,4.0,8.0,9.0,23.0,36.0,42.0,42.0,68.0,81.0,91.0,146.0,205.0,234.0,281.0,340.0,515.0,566.0,776.0,891.0,1022.0,1078.0,1101.0,1170.0,1210.0,1232.0,1354.0,1396.0,1407.0,1426.0,1464.0,1473.0,1587.0,1609.0,1655.0,1668.0,1672.0,1736.0,1766.0,1836.0,1870.0,1887.0,1897.0,1897.0,1952.0,1952.0,1984.0,2015.0,2061.0,2061.0,2106.0,2127.0,2158.0,2178.0,2178.0,2205.0,2230.0,2260.0,2293.0,2293.0,2351.0,2351.0,2419.0,2419.0,2455.0,2455.0,2506.0,2506.0,2595.0,2595.0,2626.0,2626.0,2626.0,2699.0,2770.0,2770.0,2803.0,2839.0,2839.0,2933.0,2933.0,2990.0,3111.0,3139.0,3139.0,3189.0,3221.0,3260.0,3260.0,3353.0,3353.0,3399.0,3399.0,3462.0,3632.0,3743.0
Illinois,8737914438.0,87360.0,1914438.0,4064.04900553,-9096.1896671,0.0,0.0,1.0,1.0,1.0,1.0,1.0,1.0,1.0,2.0,2.0,2.0,2.0,2.0,2.0,2.0,2.0,2.0,2.0,2.0,2.0,2.0,2.0,2.0,2.0,2.0,2.0,2.0,2.0,2.0,2.0,2.0,2.0,2.0,2.0,2.0,2.0,2.0,2.0,3.0,4.0,4.0,4.0,5.0,5.0,6.0,7.0,7.0,12.0,25.0,32.0,46.0,64.0,66.0,83.0,161.0,272.0,422.0,585.0,753.0,1049.0,1285.0,1537.0,1865.0,2538.0,3024.0,3491.0,4596.0,5056.0,5994.0,6980.0,7695.0,8904.0,10357.0,11259.0,12262.0,13553.0,15078.0,16422.0,17887.0,19180.0,20852.0,22025.0,23248.0,24593.0,25734.0,27578.0,29160.0,30357.0,31513.0,33059.0,35107.0,36937.0,39658.0,41777.0,43903.0,45883.0,48102.0,50358.0,52918.0,56055.0,58505.0,61499.0,63777.0,65889.0,68232.0,70871.0,73760.0,76085.0,77741.0,79007.0,83021.0,84694.0,87937.0,90369.0,92457.0,94191.0,96485.0,98030.0,100418.0,102688.0,105444.0,107796.0,110304.0,112017.0,113195.0,114306.0,115833.0,117455.0,118917.0,120260.0,121234.0,122848.0,123830.0,124759.0,125915.0,126890.0,127757.0,128415.0,129212.0,129837.0,130603.0,131198.0,131871.0,132543.0,133016.0,133639.0,134185.0,134778.0
Indiana,7897834500.0,78960.0,1834500.0,3665.036491239999,-7932.1082973199955,0.0,0.0,0.0,0.0,0.0,0.0,0.0,0.0,0.0,0.0,0.0,0.0,0.0,0.0,0.0,0.0,0.0,0.0,0.0,0.0,0.0,0.0,0.0,0.0,0.0,0.0,0.0,0.0,0.0,0.0,0.0,0.0,0.0,0.0,0.0,0.0,0.0,0.0,0.0,0.0,0.0,0.0,0.0,0.0,1.0,1.0,2.0,3.0,6.0,11.0,13.0,13.0,16.0,20.0,25.0,30.0,38.0,60.0,86.0,128.0,204.0,270.0,368.0,477.0,645.0,979.0,1233.0,1513.0,1786.0,2158.0,2564.0,3038.0,3437.0,3953.0,4411.0,4956.0,5510.0,5943.0,6351.0,6907.0,7435.0,7928.0,8359.0,8527.0,8960.0,9542.0,10154.0,10641.0,11211.0,11688.0,12097.0,12438.0,13039.0,13681.0,14399.0,15012.0,15961.0,16588.0,17182.0,17835.0,18630.0,19295.0,19933.0,20507.0,21033.0,21870.0,22503.0,23146.0,23732.0,24126.0,24627.0,25127.0,25473.0,26053.0,26656.0,27280.0,27778.0,28255.0,28705.0,29274.0,29936.0,30409.0,30901.0,31376.0,31715.0,32078.0,32437.0,33068.0,33558.0,34211.0,34574.0,34830.0,35237.0,35712.0,36096.0,36578.0,36997.0,37397.0,37623.0,38033.0,38337.0,38748.0,39146.0,39543.0,39909.0,40430.0,40786.0,41013.0,41438.0
Iowa,8486060839.0,84840.0,2060839.0,4160.9610923300015,-9253.08642292,0.0,0.0,0.0,0.0,0.0,0.0,0.0,0.0,0.0,0.0,0.0,0.0,0.0,0.0,0.0,0.0,0.0,0.0,0.0,0.0,0.0,0.0,0.0,0.0,0.0,0.0,0.0,0.0,0.0,0.0,0.0,0.0,0.0,0.0,0.0,0.0,0.0,0.0,0.0,0.0,0.0,0.0,0.0,0.0,0.0,0.0,0.0,3.0,8.0,13.0,14.0,17.0,17.0,18.0,23.0,23.0,38.0,44.0,45.0,69.0,90.0,105.0,124.0,146.0,179.0,235.0,298.0,336.0,424.0,497.0,547.0,614.0,699.0,787.0,869.0,946.0,1046.0,1145.0,1270.0,1388.0,1510.0,1587.0,1710.0,1899.0,1995.0,2141.0,2332.0,2513.0,2902.0,3159.0,3641.0,3748.0,3924.0,4445.0,5092.0,5476.0,5868.0,6376.0,6843.0,7145.0,7884.0,8643.0,9175.0,9703.0,10111.0,10404.0,11059.0,11457.0,11671.0,11959.0,12373.0,12912.0,13289.0,13675.0,14049.0,14328.0,14651.0,14955.0,15296.0,15620.0,16170.0,16492.0,16898.0,17251.0,17557.0,17703.0,18369.0,18586.0,18957.0,19244.0,19552.0,19699.0,20019.0,20300.0,20806.0,21154.0,21478.0,21712.0,22007.0,22237.0,22626.0,22973.0,23350.0,23717.0,23926.0,24082.0,24179.0,24460.0,24861.0
Kansas,8990281065.0,89880.0,2281065.0,4040.9647841699993,-10298.87791087,0.0,0.0,0.0,0.0,0.0,0.0,0.0,0.0,0.0,0.0,0.0,0.0,0.0,0.0,0.0,0.0,0.0,0.0,0.0,0.0,0.0,0.0,0.0,0.0,0.0,0.0,0.0,0.0,0.0,0.0,0.0,0.0,0.0,0.0,0.0,0.0,0.0,0.0,0.0,0.0,0.0,0.0,0.0,0.0,0.0,0.0,1.0,1.0,1.0,1.0,4.0,6.0,8.0,8.0,11.0,18.0,22.0,35.0,48.0,57.0,65.0,84.0,100.0,134.0,172.0,206.0,266.0,330.0,372.0,434.0,485.0,553.0,629.0,698.0,751.0,849.0,912.0,1046.0,1116.0,1117.0,1275.0,1344.0,1390.0,1441.0,1504.0,1615.0,1730.0,1821.0,1905.0,2048.0,2164.0,2331.0,2721.0,2959.0,3135.0,3277.0,3473.0,3652.0,3839.0,4413.0,4634.0,4885.0,5156.0,5383.0,5648.0,5993.0,6332.0,6667.0,6829.0,6951.0,7159.0,7240.0,7518.0,7705.0,7886.0,7939.0,7953.0,8303.0,8353.0,8507.0,8625.0,8909.0,8946.0,9004.0,9125.0,9199.0,9291.0,9371.0,9662.0,9690.0,9700.0,9920.0,9965.0,10092.0,10167.0,10306.0,10361.0,10406.0,10544.0,10609.0,10750.0,10823.0,10973.0,11020.0,11101.0,11319.0,11411.0,11644.0,11753.0
Kentucky,10250704442.0,102480.0,2704442.0,4514.657262000001,-10223.986874159998,0.0,0.0,0.0,0.0,0.0,0.0,0.0,0.0,0.0,0.0,0.0,0.0,0.0,0.0,0.0,0.0,0.0,0.0,0.0,0.0,0.0,0.0,0.0,0.0,0.0,0.0,0.0,0.0,0.0,0.0,0.0,0.0,0.0,0.0,0.0,0.0,0.0,0.0,0.0,0.0,0.0,0.0,0.0,0.0,1.0,1.0,1.0,4.0,5.0,8.0,10.0,14.0,16.0,18.0,21.0,26.0,28.0,50.0,64.0,87.0,103.0,123.0,162.0,197.0,247.0,301.0,380.0,438.0,479.0,628.0,632.0,770.0,770.0,917.0,955.0,955.0,1149.0,1149.0,1341.0,1693.0,1693.0,1963.0,2018.0,2048.0,2210.0,2435.0,2522.0,2707.0,2960.0,3050.0,3204.0,3378.0,3479.0,3779.0,3915.0,4085.0,4156.0,4375.0,4537.0,4708.0,4882.0,4879.0,5130.0,5245.0,5822.0,5934.0,6129.0,6288.0,6440.0,6440.0,6677.0,6853.0,6853.0,7225.0,7444.0,7688.0,7688.0,7935.0,8069.0,8167.0,8286.0,8426.0,8571.0,8571.0,8571.0,8951.0,9077.0,9185.0,9464.0,9704.0,9704.0,10046.0,10185.0,10410.0,10705.0,10977.0,11287.0,11287.0,11476.0,11707.0,11883.0,11945.0,12166.0,12445.0,12445.0,12647.0,12647.0,12995.0,13197.0
Louisiana,5545582140.0,55440.0,1582140.0,1989.9153525399995,-5876.747945990001,0.0,0.0,0.0,0.0,0.0,0.0,0.0,0.0,0.0,0.0,0.0,0.0,0.0,0.0,0.0,0.0,0.0,0.0,0.0,0.0,0.0,0.0,0.0,0.0,0.0,0.0,0.0,0.0,0.0,0.0,0.0,0.0,0.0,0.0,0.0,0.0,0.0,0.0,0.0,0.0,0.0,0.0,0.0,0.0,0.0,0.0,0.0,0.0,0.0,5.0,19.0,29.0,77.0,87.0,115.0,196.0,257.0,392.0,537.0,763.0,837.0,1172.0,1388.0,1795.0,2304.0,2744.0,3315.0,3540.0,4025.0,5237.0,6424.0,9149.0,10297.0,12496.0,13010.0,14867.0,16284.0,17030.0,18283.0,19253.0,20014.0,20595.0,21016.0,21518.0,21951.0,22532.0,23118.0,23580.0,23928.0,24523.0,24854.0,25258.0,25739.0,26140.0,26512.0,26773.0,27068.0,27286.0,27660.0,28001.0,28711.0,29140.0,29340.0,29673.0,29996.0,30399.0,30652.0,30855.0,31417.0,31600.0,31815.0,32050.0,32662.0,33489.0,33837.0,34117.0,34432.0,34709.0,35038.0,35316.0,36504.0,36925.0,36925.0,37169.0,37809.0,38054.0,38497.0,38802.0,38802.0,39577.0,39916.0,40341.0,40746.0,41133.0,41562.0,41989.0,42486.0,42816.0,43050.0,43612.0,44030.0,44472.0,44995.0,46283.0,46619.0,47172.0,47706.0,48634.0,48634.0
Maine,1512538302.0,15120.0,538302.0,715.0030145,-1112.38029805,0.0,0.0,0.0,0.0,0.0,0.0,0.0,0.0,0.0,0.0,0.0,0.0,0.0,0.0,0.0,0.0,0.0,0.0,0.0,0.0,0.0,0.0,0.0,0.0,0.0,0.0,0.0,0.0,0.0,0.0,0.0,0.0,0.0,0.0,0.0,0.0,0.0,0.0,0.0,0.0,0.0,0.0,0.0,0.0,0.0,0.0,0.0,0.0,0.0,0.0,1.0,3.0,3.0,2.0,17.0,26.0,35.0,52.0,56.0,70.0,89.0,107.0,118.0,142.0,155.0,168.0,211.0,253.0,275.0,303.0,303.0,376.0,432.0,456.0,470.0,499.0,519.0,537.0,560.0,586.0,616.0,633.0,698.0,735.0,770.0,796.0,827.0,847.0,867.0,875.0,888.0,907.0,937.0,965.0,965.0,1015.0,1023.0,1040.0,1056.0,1095.0,1123.0,1153.0,1185.0,1205.0,1226.0,1254.0,1330.0,1374.0,1408.0,1436.0,1462.0,1477.0,1515.0,1565.0,1603.0,1648.0,1687.0,1713.0,1741.0,1819.0,1877.0,1948.0,2013.0,2055.0,2074.0,2109.0,2137.0,2189.0,2226.0,2282.0,2325.0,2349.0,2377.0,2418.0,2446.0,2482.0,2524.0,2570.0,2588.0,2606.0,2637.0,2667.0,2721.0,2757.0,2793.0,2810.0,2819.0,2836.0,2878.0
Maryland,2184747127.0,21840.0,747127.0,936.35809657,-1840.2112226099998,0.0,0.0,0.0,0.0,0.0,0.0,0.0,0.0,0.0,0.0,0.0,0.0,0.0,0.0,0.0,0.0,0.0,0.0,0.0,0.0,0.0,0.0,0.0,0.0,0.0,0.0,0.0,0.0,0.0,0.0,0.0,0.0,0.0,0.0,0.0,0.0,0.0,0.0,0.0,0.0,0.0,0.0,0.0,0.0,3.0,3.0,5.0,5.0,8.0,9.0,12.0,18.0,27.0,24.0,42.0,60.0,85.0,107.0,149.0,193.0,244.0,290.0,349.0,425.0,583.0,775.0,995.0,1239.0,1413.0,1660.0,1986.0,2331.0,2758.0,3125.0,3617.0,4045.0,4371.0,5529.0,6185.0,6968.0,7694.0,8225.0,8936.0,9472.0,10032.0,10784.0,11572.0,12326.0,12847.0,13684.0,14193.0,14775.0,15737.0,16616.0,17766.0,18581.0,19487.0,20113.0,20849.0,21742.0,23472.0,24473.0,25462.0,26408.0,27117.0,28163.0,29374.0,30485.0,31534.0,32587.0,33373.0,34061.0,34812.0,35903.0,36986.0,37968.0,38804.0,39762.0,41546.0,42323.0,43531.0,44424.0,45495.0,46313.0,47152.0,47687.0,48423.0,49709.0,50988.0,52015.0,52778.0,53327.0,54175.0,54982.0,55858.0,56770.0,57482.0,57973.0,58404.0,58904.0,59465.0,60197.0,60613.0,61305.0,61701.0,62032.0,62409.0,62969.0,63229.0
Massachusetts,1428590248.0,14280.0,520246.0,630.9941489099999,-1071.27703141,0.0,0.0,0.0,0.0,0.0,0.0,0.0,0.0,0.0,0.0,1.0,1.0,1.0,1.0,1.0,1.0,1.0,1.0,1.0,1.0,1.0,1.0,1.0,1.0,1.0,1.0,1.0,1.0,1.0,1.0,1.0,1.0,1.0,1.0,1.0,1.0,1.0,1.0,1.0,1.0,1.0,2.0,2.0,2.0,6.0,6.0,22.0,22.0,41.0,92.0,107.0,123.0,138.0,138.0,187.0,217.0,252.0,328.0,413.0,523.0,640.0,777.0,1159.0,1838.0,2417.0,3240.0,4257.0,4955.0,5752.0,6620.0,7738.0,8966.0,10402.0,11736.0,12500.0,13837.0,15202.0,16790.0,18941.0,20974.0,22860.0,25475.0,26867.0,28164.0,29919.0,32181.0,34985.0,36963.0,38674.0,40252.0,41832.0,43614.0,46727.0,51700.0,54135.0,55753.0,57295.0,59193.0,61201.0,63211.0,65388.0,67438.0,69318.0,70388.0,71654.0,73538.0,75338.0,77090.0,78561.0,79676.0,80409.0,81370.0,82657.0,84460.0,85786.0,87374.0,88500.0,89566.0,90521.0,91654.0,92860.0,93796.0,94641.0,95708.0,96366.0,96826.0,97428.0,98198.0,98880.0,99773.0,100468.0,100805.0,101163.0,101592.0,102063.0,102557.0,103132.0,103436.0,103626.0,103889.0,104156.0,104667.0,105059.0,105395.0,105603.0,105690.0,105885.0,106151.0,106422.0
Michigan,7310474950.0,73080.0,2334941.0,3655.6204674499986,-7070.080729440003,0.0,0.0,0.0,0.0,0.0,0.0,0.0,0.0,0.0,0.0,0.0,0.0,0.0,0.0,0.0,0.0,0.0,0.0,0.0,0.0,0.0,0.0,0.0,0.0,0.0,0.0,0.0,0.0,0.0,0.0,0.0,0.0,0.0,0.0,0.0,0.0,0.0,0.0,0.0,0.0,0.0,0.0,0.0,0.0,0.0,0.0,0.0,0.0,0.0,2.0,3.0,24.0,36.0,45.0,76.0,90.0,159.0,314.0,471.0,625.0,1131.0,1454.0,1942.0,2468.0,3032.0,3848.0,4890.0,5753.0,6803.0,7951.0,9717.0,11230.0,13221.0,14735.0,16268.0,17820.0,19644.0,21076.0,22297.0,23279.0,24500.0,25183.0,26622.0,28042.0,29144.0,29966.0,31225.0,32031.0,32688.0,33324.0,34048.0,35404.0,36845.0,38330.0,38789.0,39540.0,40034.0,41166.0,42379.0,43478.0,44524.0,45424.0,46047.0,46348.0,46914.0,47738.0,48412.0,49170.0,49676.0,50086.0,50631.0,51263.0,51819.0,53167.0,53810.0,54315.0,54963.0,55855.0,56465.0,57322.0,57988.0,58543.0,59046.0,59395.0,59621.0,59974.0,60592.0,61116.0,61833.0,62225.0,62711.0,62928.0,63240.0,63657.0,63979.0,64821.0,64914.0,64969.0,65104.0,65167.0,65182.0,65449.0,65672.0,65836.0,66054.0,66085.0,66269.0,66497.0,66798.0
Minnesota,7478526623.0,74760.0,2526623.0,3963.0251292199996,-8215.492913339998,0.0,0.0,0.0,0.0,0.0,0.0,0.0,0.0,0.0,0.0,0.0,0.0,0.0,0.0,0.0,0.0,0.0,0.0,0.0,0.0,0.0,0.0,0.0,0.0,0.0,0.0,0.0,0.0,0.0,0.0,0.0,0.0,0.0,0.0,0.0,0.0,0.0,0.0,0.0,0.0,0.0,0.0,0.0,0.0,1.0,1.0,1.0,2.0,2.0,5.0,9.0,14.0,21.0,21.0,53.0,59.0,77.0,89.0,113.0,134.0,167.0,234.0,261.0,286.0,344.0,396.0,441.0,503.0,576.0,629.0,689.0,742.0,788.0,865.0,935.0,986.0,1069.0,1154.0,1240.0,1336.0,1427.0,1621.0,1621.0,1695.0,1809.0,1809.0,2070.0,2209.0,2356.0,2470.0,2567.0,2722.0,2942.0,3185.0,3446.0,3602.0,3811.0,4181.0,4644.0,5136.0,5730.0,6232.0,6663.0,7234.0,7851.0,8579.0,9365.0,10088.0,10790.0,11271.0,11799.0,12494.0,12917.0,13435.0,14240.0,14969.0,15668.0,16372.0,17029.0,17670.0,18200.0,19005.0,19845.0,20573.0,21315.0,21960.0,22464.0,22947.0,23531.0,24190.0,24850.0,25208.0,25508.0,25870.0,26273.0,26980.0,27501.0,27886.0,28224.0,28523.0,28869.0,29316.0,29795.0,30172.0,30471.0,30693.0,30882.0,31296.0,31675.0
Mississippi,7058472780.0,70560.0,2472780.0,2689.00357846,-7350.949515640001,0.0,0.0,0.0,0.0,0.0,0.0,0.0,0.0,0.0,0.0,0.0,0.0,0.0,0.0,0.0,0.0,0.0,0.0,0.0,0.0,0.0,0.0,0.0,0.0,0.0,0.0,0.0,0.0,0.0,0.0,0.0,0.0,0.0,0.0,0.0,0.0,0.0,0.0,0.0,0.0,0.0,0.0,0.0,0.0,0.0,0.0,0.0,0.0,0.0,0.0,1.0,6.0,6.0,6.0,12.0,21.0,34.0,50.0,80.0,140.0,207.0,249.0,320.0,377.0,485.0,579.0,663.0,759.0,847.0,937.0,1073.0,1177.0,1358.0,1455.0,1638.0,1738.0,1915.0,2003.0,2260.0,2469.0,2642.0,2781.0,2942.0,3087.0,3360.0,3624.0,3793.0,3974.0,4274.0,4512.0,4716.0,4894.0,5153.0,5434.0,5718.0,5911.0,6094.0,6342.0,6569.0,6815.0,7212.0,7441.0,7550.0,7877.0,8207.0,8424.0,8686.0,9090.0,9378.0,9501.0,9674.0,9908.0,10090.0,10483.0,10801.0,11123.0,11296.0,11432.0,11704.0,11967.0,12222.0,12625.0,13005.0,13260.0,13458.0,13731.0,14044.0,14372.0,14793.0,15229.0,15523.0,15752.0,16041.0,16322.0,16560.0,16769.0,17039.0,17270.0,17768.0,18123.0,18483.0,18483.0,19091.0,19348.0,19516.0,19799.0,20152.0,20641.0,20641.0
Missouri,9915588598.0,99120.0,3518595.0,4460.98472627,-10729.940478620003,0.0,0.0,0.0,0.0,0.0,0.0,0.0,0.0,0.0,0.0,0.0,0.0,0.0,0.0,0.0,0.0,0.0,0.0,0.0,0.0,0.0,0.0,0.0,0.0,0.0,0.0,0.0,0.0,0.0,0.0,0.0,0.0,0.0,0.0,0.0,0.0,0.0,0.0,0.0,0.0,0.0,0.0,0.0,0.0,0.0,0.0,1.0,1.0,1.0,1.0,1.0,4.0,4.0,5.0,8.0,14.0,21.0,42.0,79.0,89.0,122.0,225.0,291.0,382.0,577.0,744.0,864.0,934.0,1289.0,1550.0,1803.0,2003.0,2124.0,2472.0,2568.0,3030.0,3327.0,3511.0,3754.0,4149.0,4395.0,4534.0,4714.0,4880.0,5005.0,5308.0,5520.0,5713.0,5881.0,6043.0,6242.0,6433.0,6700.0,6943.0,7108.0,7275.0,7444.0,7591.0,7761.0,7956.0,8190.0,8449.0,8712.0,8998.0,9195.0,9447.0,9683.0,9829.0,9988.0,10105.0,10212.0,10329.0,10519.0,10683.0,10872.0,11048.0,11171.0,11319.0,11451.0,11627.0,11774.0,11985.0,12144.0,12393.0,12548.0,12720.0,12871.0,13082.0,13232.0,13398.0,13571.0,13784.0,14052.0,14295.0,14583.0,14750.0,15039.0,15129.0,15351.0,15562.0,15750.0,15942.0,15997.0,16232.0,16262.0,16611.0,16857.0,17069.0,17371.0
Montana,4873853196.0,48720.0,1853196.0,2630.5827033899996,-6143.2221134,0.0,0.0,0.0,0.0,0.0,0.0,0.0,0.0,0.0,0.0,0.0,0.0,0.0,0.0,0.0,0.0,0.0,0.0,0.0,0.0,0.0,0.0,0.0,0.0,0.0,0.0,0.0,0.0,0.0,0.0,0.0,0.0,0.0,0.0,0.0,0.0,0.0,0.0,0.0,0.0,0.0,0.0,0.0,0.0,0.0,0.0,0.0,0.0,0.0,0.0,0.0,1.0,5.0,6.0,6.0,8.0,10.0,11.0,20.0,27.0,34.0,34.0,51.0,65.0,90.0,109.0,129.0,154.0,171.0,198.0,208.0,241.0,243.0,265.0,286.0,299.0,319.0,332.0,354.0,365.0,377.0,387.0,394.0,399.0,404.0,415.0,422.0,426.0,433.0,433.0,437.0,439.0,442.0,444.0,445.0,448.0,449.0,451.0,451.0,453.0,453.0,455.0,455.0,457.0,456.0,456.0,456.0,458.0,458.0,458.0,459.0,461.0,462.0,462.0,466.0,468.0,468.0,470.0,471.0,478.0,479.0,479.0,479.0,479.0,479.0,479.0,481.0,485.0,493.0,505.0,515.0,519.0,523.0,525.0,539.0,541.0,540.0,545.0,548.0,554.0,561.0,563.0,573.0,588.0,601.0,609.0,614.0,630.0,655.0
Nebraska,7983061711.0,79800.0,3061711.0,3842.9269300899973,-9210.62813682,0.0,0.0,0.0,0.0,0.0,0.0,0.0,0.0,0.0,0.0,0.0,0.0,0.0,0.0,0.0,0.0,0.0,0.0,0.0,0.0,0.0,0.0,0.0,0.0,0.0,0.0,0.0,0.0,0.0,0.0,0.0,0.0,0.0,0.0,0.0,0.0,0.0,0.0,0.0,0.0,0.0,0.0,0.0,0.0,1.0,1.0,1.0,3.0,3.0,5.0,10.0,14.0,18.0,17.0,18.0,23.0,24.0,29.0,37.0,38.0,51.0,51.0,66.0,71.0,74.0,82.0,96.0,108.0,145.0,172.0,210.0,246.0,279.0,321.0,364.0,417.0,447.0,519.0,568.0,635.0,699.0,791.0,814.0,897.0,901.0,952.0,1066.0,1249.0,1474.0,1648.0,1685.0,1813.0,2202.0,2424.0,2719.0,3030.0,3358.0,3517.0,3851.0,4281.0,5008.0,5317.0,5661.0,6037.0,6373.0,6689.0,7334.0,7818.0,8093.0,8171.0,8407.0,8532.0,8912.0,9260.0,9610.0,10220.0,10177.0,10625.0,10854.0,11122.0,11427.0,11662.0,11963.0,12134.0,12362.0,12619.0,12984.0,13249.0,13648.0,13905.0,14101.0,14345.0,14616.0,14885.0,15139.0,15406.0,15572.0,15664.0,15786.0,15918.0,16058.0,16315.0,16522.0,16640.0,16730.0,16851.0,17038.0,17231.0,17414.0
Nevada,1596714838.0,15960.0,714838.0,667.3519446600001,-1998.5878900999996,0.0,0.0,0.0,0.0,0.0,0.0,0.0,0.0,0.0,0.0,0.0,0.0,0.0,0.0,0.0,0.0,0.0,0.0,0.0,0.0,0.0,0.0,0.0,0.0,0.0,0.0,0.0,0.0,0.0,0.0,0.0,0.0,0.0,0.0,0.0,0.0,0.0,0.0,0.0,0.0,0.0,0.0,0.0,1.0,2.0,2.0,4.0,4.0,4.0,7.0,10.0,18.0,20.0,20.0,45.0,55.0,55.0,95.0,161.0,161.0,190.0,245.0,278.0,323.0,420.0,536.0,626.0,920.0,1012.0,1114.0,1279.0,1463.0,1514.0,1742.0,1855.0,1953.0,2124.0,2259.0,2456.0,2722.0,2702.0,2836.0,2990.0,3134.0,3211.0,3214.0,3524.0,3626.0,3728.0,3830.0,3937.0,4081.0,4208.0,4398.0,4539.0,4734.0,4700.0,4821.0,4934.0,5053.0,5248.0,5389.0,5472.0,5630.0,5660.0,5741.0,5855.0,5920.0,6171.0,6120.0,6152.0,6313.0,6476.0,6504.0,6733.0,6813.0,6949.0,7061.0,7096.0,7388.0,7400.0,7525.0,7526.0,7881.0,7956.0,8057.0,8150.0,8248.0,8376.0,8517.0,8628.0,8702.0,8858.0,8951.0,9129.0,9309.0,9491.0,9669.0,9816.0,10045.0,10218.0,10473.0,10704.0,10997.0,11201.0,11315.0,11683.0,11854.0,12169.0
New Hampshire,1008500166.0,10080.0,500166.0,434.78972876,-715.77656705,0.0,0.0,0.0,0.0,0.0,0.0,0.0,0.0,0.0,0.0,0.0,0.0,0.0,0.0,0.0,0.0,0.0,0.0,0.0,0.0,0.0,0.0,0.0,0.0,0.0,0.0,0.0,0.0,0.0,0.0,0.0,0.0,0.0,0.0,0.0,0.0,0.0,0.0,0.0,0.0,1.0,2.0,2.0,2.0,2.0,2.0,4.0,4.0,4.0,5.0,6.0,6.0,7.0,7.0,17.0,26.0,37.0,42.0,53.0,61.0,73.0,101.0,101.0,108.0,137.0,158.0,187.0,214.0,314.0,357.0,367.0,479.0,479.0,540.0,621.0,715.0,715.0,747.0,819.0,819.0,885.0,929.0,985.0,922.0,1139.0,1139.0,1287.0,1342.0,1390.0,1447.0,1490.0,1588.0,1670.0,1720.0,1797.0,1864.0,1938.0,2010.0,2058.0,2146.0,2310.0,2429.0,2518.0,2588.0,2636.0,2741.0,2843.0,2947.0,3011.0,3071.0,3160.0,3239.0,3299.0,3382.0,3453.0,3556.0,3596.0,3652.0,3721.0,3868.0,3935.0,4014.0,4089.0,4149.0,4197.0,4231.0,4286.0,4389.0,4492.0,4492.0,4651.0,4685.0,4749.0,4795.0,4876.0,4953.0,5019.0,5043.0,5079.0,5079.0,5178.0,5209.0,5251.0,5299.0,5318.0,5345.0,5364.0,5436.0,5450.0
New Jersey,1932884509.0,19320.0,884509.0,846.0152591300001,-1567.07144401,0.0,0.0,0.0,0.0,0.0,0.0,0.0,0.0,0.0,0.0,0.0,0.0,0.0,0.0,0.0,0.0,0.0,0.0,0.0,0.0,0.0,0.0,0.0,0.0,0.0,0.0,0.0,0.0,0.0,0.0,0.0,0.0,0.0,0.0,0.0,0.0,0.0,0.0,0.0,0.0,0.0,0.0,0.0,2.0,2.0,4.0,5.0,5.0,15.0,23.0,29.0,49.0,69.0,72.0,176.0,250.0,397.0,741.0,890.0,1327.0,1914.0,2844.0,3675.0,4402.0,6876.0,8825.0,11124.0,13386.0,16636.0,18696.0,22255.0,25590.0,29895.0,34124.0,37505.0,41090.0,44416.0,47437.0,51027.0,54588.0,58151.0,61850.0,64584.0,68824.0,71030.0,75317.0,78467.0,81420.0,85301.0,88722.0,92387.0,95914.0,100025.0,102196.0,105498.0,109038.0,111188.0,113856.0,116365.0,118652.0,121190.0,123717.0,126744.0,128269.0,130593.0,131890.0,133991.0,135840.0,137397.0,138754.0,140206.0,140917.0,141560.0,142704.0,143984.0,145089.0,146504.0,148240.0,149356.0,150776.0,151586.0,152579.0,153140.0,154154.0,155092.0,155764.0,156628.0,157185.0,158844.0,159608.0,160445.0,160918.0,161545.0,162068.0,162530.0,163336.0,163893.0,164164.0,164497.0,164796.0,165346.0,165816.0,166164.0,166605.0,166881.0,167103.0,167426.0,167703.0,168107.0
New Mexico,2941326065.0,29400.0,1326065.0,1140.1288462999999,-3494.2745445,0.0,0.0,0.0,0.0,0.0,0.0,0.0,0.0,0.0,0.0,0.0,0.0,0.0,0.0,0.0,0.0,0.0,0.0,0.0,0.0,0.0,0.0,0.0,0.0,0.0,0.0,0.0,0.0,0.0,0.0,0.0,0.0,0.0,0.0,0.0,0.0,0.0,0.0,0.0,0.0,0.0,0.0,0.0,0.0,0.0,0.0,0.0,0.0,0.0,3.0,5.0,10.0,13.0,13.0,21.0,23.0,28.0,35.0,42.0,55.0,57.0,83.0,100.0,113.0,113.0,136.0,208.0,237.0,237.0,315.0,327.0,373.0,490.0,506.0,624.0,686.0,794.0,821.0,865.0,1081.0,1091.0,1245.0,1262.0,1345.0,1484.0,1484.0,1597.0,1798.0,1845.0,1971.0,1971.0,2210.0,2379.0,2521.0,2660.0,2726.0,2825.0,2974.0,3213.0,3411.0,3513.0,3732.0,3850.0,4031.0,4138.0,4291.0,4493.0,4673.0,4778.0,4863.0,5069.0,5212.0,5364.0,5503.0,5662.0,5847.0,5938.0,6096.0,6192.0,6317.0,6472.0,6625.0,6625.0,6943.0,7026.0,7130.0,7252.0,7364.0,7493.0,7624.0,7689.0,7800.0,8024.0,8140.0,8353.0,8672.0,8800.0,8940.0,9062.0,9105.0,9250.0,9367.0,9526.0,9621.0,9723.0,9845.0,9933.0,10065.0,10153.0
New York,5378405916.0,53760.0,2405916.0,2637.7373826599996,-4679.39936508,0.0,0.0,0.0,0.0,0.0,0.0,0.0,0.0,0.0,0.0,0.0,0.0,0.0,0.0,0.0,0.0,0.0,0.0,0.0,0.0,0.0,0.0,0.0,0.0,0.0,0.0,0.0,0.0,0.0,0.0,0.0,0.0,0.0,0.0,0.0,0.0,0.0,0.0,0.0,0.0,1.0,2.0,11.0,23.0,31.0,76.0,106.0,142.0,150.0,220.0,327.0,421.0,613.0,615.0,967.0,1578.0,3038.0,5704.0,8403.0,11727.0,15800.0,20884.0,25681.0,30841.0,37877.0,44876.0,52410.0,59648.0,66663.0,75833.0,83948.0,92506.0,102987.0,113833.0,123160.0,131815.0,139875.0,151061.0,161779.0,172348.0,181026.0,189033.0,195749.0,203020.0,214454.0,223691.0,230597.0,237474.0,243382.0,248416.0,253519.0,258222.0,263460.0,271590.0,282143.0,288045.0,291996.0,295106.0,299691.0,304372.0,308314.0,312977.0,316415.0,318953.0,321192.0,323978.0,327469.0,330407.0,333122.0,335395.0,337055.0,338485.0,340661.0,343051.0,345813.0,348232.0,350121.0,351371.0,352845.0,354370.0,356458.0,358154.0,359926.0,361515.0,362764.0,363836.0,364965.0,366733.0,368284.0,369660.0,370770.0,371711.0,373040.0,374085.0,375133.0,376208.0,377316.0,378097.0,378799.0,379482.0,380156.0,380892.0,381714.0,382630.0,383324.0,383944.0,384575.0,385142.0,385760.0
North Carolina,8571880074.0,85680.0,3880074.0,3562.420971000001,-7950.109873960003,0.0,0.0,0.0,0.0,0.0,0.0,0.0,0.0,0.0,0.0,0.0,0.0,0.0,0.0,0.0,0.0,0.0,0.0,0.0,0.0,0.0,0.0,0.0,0.0,0.0,0.0,0.0,0.0,0.0,0.0,0.0,0.0,0.0,0.0,0.0,0.0,0.0,0.0,0.0,0.0,0.0,1.0,1.0,1.0,2.0,2.0,2.0,2.0,7.0,7.0,15.0,17.0,25.0,32.0,39.0,64.0,92.0,136.0,189.0,256.0,305.0,353.0,495.0,590.0,738.0,887.0,1020.0,1191.0,1313.0,1535.0,1675.0,1977.0,2251.0,2486.0,2649.0,2962.0,3299.0,3499.0,3736.0,3965.0,4354.0,4570.0,4886.0,5113.0,5340.0,5639.0,6045.0,6328.0,6601.0,6895.0,7134.0,7495.0,7820.0,8290.0,8768.0,8997.0,9428.0,9755.0,10180.0,10754.0,11070.0,11588.0,11770.0,11971.0,12510.0,13053.0,13540.0,14006.0,14478.0,14938.0,15274.0,15622.0,16352.0,16968.0,17494.0,18130.0,18673.0,19207.0,19239.0,20262.0,20512.0,22110.0,22864.0,23365.0,24057.0,24455.0,24916.0,25800.0,26885.0,27794.0,28785.0,29592.0,30023.0,31276.0,32075.0,33295.0,34718.0,35625.0,36517.0,37227.0,38473.0,39584.0,41417.0,42845.0,44264.0,45114.0,45907.0,46934.0,48167.0
North Dakota,4622186885.0,46200.0,2186885.0,2511.8558565800004,-5313.217852090001,0.0,0.0,0.0,0.0,0.0,0.0,0.0,0.0,0.0,0.0,0.0,0.0,0.0,0.0,0.0,0.0,0.0,0.0,0.0,0.0,0.0,0.0,0.0,0.0,0.0,0.0,0.0,0.0,0.0,0.0,0.0,0.0,0.0,0.0,0.0,0.0,0.0,0.0,0.0,0.0,0.0,0.0,0.0,0.0,0.0,0.0,0.0,0.0,0.0,0.0,1.0,1.0,1.0,1.0,1.0,3.0,6.0,19.0,26.0,28.0,28.0,30.0,36.0,45.0,51.0,68.0,94.0,98.0,109.0,122.0,142.0,159.0,173.0,186.0,207.0,225.0,237.0,251.0,269.0,278.0,293.0,308.0,331.0,341.0,365.0,393.0,393.0,528.0,585.0,627.0,644.0,679.0,709.0,748.0,803.0,867.0,942.0,991.0,1033.0,1067.0,1107.0,1153.0,1191.0,1225.0,1266.0,1323.0,1371.0,1425.0,1464.0,1491.0,1518.0,1571.0,1647.0,1712.0,1761.0,1848.0,1900.0,1931.0,1994.0,2095.0,2229.0,2317.0,2365.0,2418.0,2457.0,2422.0,2439.0,2481.0,2520.0,2554.0,2577.0,2625.0,2646.0,2679.0,2706.0,2745.0,2816.0,2861.0,2880.0,2901.0,2941.0,2980.0,3016.0,3058.0,3080.0,3101.0,3124.0,3166.0,3193.0
Northern Mariana Islands,580.0,580.0,69.0,15.0979,145.6739,0.0,0.0,0.0,0.0,0.0,0.0,0.0,0.0,0.0,0.0,0.0,0.0,0.0,0.0,0.0,0.0,0.0,0.0,0.0,0.0,0.0,0.0,0.0,0.0,0.0,0.0,0.0,0.0,0.0,0.0,0.0,0.0,0.0,0.0,0.0,0.0,0.0,0.0,0.0,0.0,0.0,0.0,0.0,0.0,0.0,0.0,0.0,0.0,0.0,0.0,0.0,0.0,0.0,0.0,0.0,0.0,0.0,0.0,0.0,0.0,0.0,0.0,0.0,0.0,0.0,0.0,0.0,0.0,0.0,2.0,6.0,6.0,8.0,8.0,8.0,8.0,8.0,11.0,11.0,11.0,11.0,11.0,11.0,11.0,13.0,13.0,13.0,14.0,14.0,14.0,14.0,14.0,14.0,14.0,14.0,14.0,14.0,14.0,14.0,14.0,14.0,14.0,14.0,14.0,14.0,15.0,15.0,15.0,16.0,16.0,19.0,19.0,19.0,19.0,19.0,21.0,21.0,21.0,21.0,21.0,22.0,22.0,22.0,22.0,22.0,22.0,22.0,22.0,22.0,22.0,22.0,22.0,23.0,24.0,26.0,26.0,26.0,27.0,28.0,30.0,30.0,30.0,30.0,30.0,30.0,30.0,30.0,30.0,30.0
Ohio,7563609822.0,75600.0,3609822.0,3547.3389435400018,-7289.51590458,0.0,0.0,0.0,0.0,0.0,0.0,0.0,0.0,0.0,0.0,0.0,0.0,0.0,0.0,0.0,0.0,0.0,0.0,0.0,0.0,0.0,0.0,0.0,0.0,0.0,0.0,0.0,0.0,0.0,0.0,0.0,0.0,0.0,0.0,0.0,0.0,0.0,0.0,0.0,0.0,0.0,0.0,0.0,0.0,0.0,0.0,0.0,0.0,3.0,4.0,5.0,12.0,26.0,30.0,50.0,67.0,89.0,119.0,173.0,247.0,356.0,443.0,567.0,704.0,868.0,1137.0,1406.0,1653.0,1933.0,2199.0,2547.0,2901.0,3312.0,3739.0,4043.0,4453.0,4782.0,5148.0,5512.0,5878.0,6250.0,6604.0,6975.0,7285.0,7794.0,8414.0,9107.0,10222.0,11602.0,12919.0,13725.0,14117.0,14694.0,15169.0,15587.0,15972.0,16325.0,16769.0,17303.0,18027.0,18743.0,19335.0,19914.0,20474.0,20969.0,21576.0,22131.0,23016.0,23697.0,24081.0,24777.0,25250.0,25721.0,26357.0,26954.0,27474.0,27923.0,28454.0,28952.0,29436.0,30167.0,30794.0,31408.0,31911.0,32477.0,33006.0,33439.0,33915.0,34566.0,35033.0,35513.0,35984.0,36350.0,36792.0,37282.0,37758.0,38111.0,38476.0,38837.0,39162.0,39575.0,40004.0,40424.0,40851.0,41148.0,41576.0,42010.0,42422.0,43122.0
Oklahoma,6639256009.0,66360.0,3256009.0,2733.6474108,-7488.35776672,0.0,0.0,0.0,0.0,0.0,0.0,0.0,0.0,0.0,0.0,0.0,0.0,0.0,0.0,0.0,0.0,0.0,0.0,0.0,0.0,0.0,0.0,0.0,0.0,0.0,0.0,0.0,0.0,0.0,0.0,0.0,0.0,0.0,0.0,0.0,0.0,0.0,0.0,0.0,0.0,0.0,0.0,0.0,0.0,0.0,1.0,1.0,1.0,2.0,2.0,3.0,3.0,4.0,4.0,10.0,17.0,17.0,44.0,49.0,53.0,67.0,81.0,106.0,164.0,248.0,322.0,377.0,429.0,481.0,568.0,721.0,881.0,990.0,1161.0,1254.0,1329.0,1474.0,1526.0,1686.0,1794.0,1868.0,1970.0,2069.0,2184.0,2263.0,2357.0,2465.0,2465.0,2567.0,2680.0,2807.0,2894.0,3017.0,3121.0,3194.0,3254.0,3281.0,3410.0,3473.0,3618.0,3748.0,3851.0,3972.0,4044.0,4127.0,4202.0,4330.0,4424.0,4490.0,4589.0,4613.0,4732.0,4858.0,4963.0,5087.0,5237.0,5310.0,5398.0,5489.0,5532.0,5680.0,5849.0,5960.0,6037.0,6090.0,6138.0,6229.0,6273.0,6338.0,6418.0,6418.0,6573.0,6692.0,6805.0,6907.0,7007.0,7059.0,7150.0,7205.0,7363.0,7483.0,7626.0,7849.0,8073.0,8231.0,8417.0,8645.0,8904.0,9355.0
Oregon,3193647378.0,31920.0,1647378.0,1601.7264242899996,-4373.1691055,0.0,0.0,0.0,0.0,0.0,0.0,0.0,0.0,0.0,0.0,0.0,0.0,0.0,0.0,0.0,0.0,0.0,0.0,0.0,0.0,0.0,0.0,0.0,0.0,0.0,0.0,0.0,0.0,0.0,0.0,0.0,0.0,0.0,0.0,0.0,0.0,0.0,0.0,1.0,1.0,3.0,3.0,3.0,3.0,3.0,6.0,14.0,14.0,14.0,19.0,24.0,30.0,36.0,36.0,39.0,66.0,75.0,88.0,114.0,137.0,161.0,191.0,210.0,266.0,316.0,416.0,479.0,548.0,606.0,690.0,736.0,826.0,899.0,899.0,1068.0,1068.0,1132.0,1181.0,1321.0,1322.0,1371.0,1527.0,1584.0,1633.0,1663.0,1736.0,1785.0,1844.0,1910.0,1957.0,2004.0,2059.0,2127.0,2177.0,2253.0,2311.0,2354.0,2385.0,2446.0,2510.0,2579.0,2635.0,2680.0,2759.0,2839.0,2916.0,2989.0,3068.0,3160.0,3228.0,3286.0,3358.0,3416.0,3479.0,3541.0,3612.0,3623.0,3687.0,3726.0,3801.0,3817.0,3864.0,3888.0,3927.0,3949.0,3967.0,4038.0,4086.0,4131.0,4185.0,4243.0,4302.0,4335.0,4399.0,4474.0,4570.0,4570.0,4662.0,4922.0,4988.0,5060.0,5237.0,5377.0,5377.0,5636.0,5820.0,6098.0,6218.0,6366.0
Pennsylvania,5798988573.0,57960.0,2988573.0,2734.8112497699994,-5200.22629518,0.0,0.0,0.0,0.0,0.0,0.0,0.0,0.0,0.0,0.0,0.0,0.0,0.0,0.0,0.0,0.0,0.0,0.0,0.0,0.0,0.0,0.0,0.0,0.0,0.0,0.0,0.0,0.0,0.0,0.0,0.0,0.0,0.0,0.0,0.0,0.0,0.0,0.0,0.0,0.0,0.0,0.0,0.0,0.0,2.0,2.0,6.0,7.0,12.0,16.0,22.0,41.0,47.0,47.0,79.0,112.0,155.0,206.0,311.0,399.0,509.0,698.0,946.0,1260.0,1795.0,2345.0,2845.0,3432.0,4155.0,4963.0,6009.0,7268.0,8570.0,10444.0,11589.0,13127.0,14853.0,16631.0,18300.0,20051.0,21719.0,22938.0,24292.0,25465.0,26753.0,28258.0,29888.0,31652.0,32902.0,33914.0,35249.0,36082.0,38379.0,40208.0,41153.0,42616.0,43558.0,45137.0,46327.0,47971.0,49579.0,50494.0,51225.0,52816.0,53864.0,54800.0,55956.0,57371.0,58560.0,59939.0,60459.0,61310.0,62101.0,63105.0,64136.0,65185.0,65700.0,66669.0,67311.0,68126.0,69252.0,70211.0,71009.0,71563.0,71925.0,72778.0,73557.0,74220.0,74984.0,75697.0,76129.0,76646.0,77225.0,77780.0,78335.0,78815.0,79505.0,79908.0,80339.0,80870.0,81316.0,81848.0,82481.0,82944.0,83203.0,83589.0,83978.0,84289.0,84683.0
Puerto Rico,630.0,630.0,72.0,18.2208,-66.5901,0.0,0.0,0.0,0.0,0.0,0.0,0.0,0.0,0.0,0.0,0.0,0.0,0.0,0.0,0.0,0.0,0.0,0.0,0.0,0.0,0.0,0.0,0.0,0.0,0.0,0.0,0.0,0.0,0.0,0.0,0.0,0.0,0.0,0.0,0.0,0.0,0.0,0.0,0.0,0.0,0.0,0.0,0.0,0.0,0.0,0.0,0.0,0.0,0.0,0.0,0.0,0.0,0.0,0.0,5.0,5.0,5.0,5.0,14.0,21.0,23.0,31.0,39.0,51.0,64.0,79.0,100.0,127.0,174.0,239.0,286.0,316.0,316.0,452.0,475.0,513.0,573.0,620.0,683.0,725.0,788.0,897.0,903.0,923.0,974.0,1043.0,1068.0,1118.0,1213.0,1252.0,1298.0,1252.0,1416.0,1276.0,1307.0,1371.0,1389.0,1400.0,1433.0,1539.0,1575.0,1757.0,1808.0,1843.0,1924.0,1968.0,2031.0,2156.0,2173.0,2198.0,2256.0,2299.0,2329.0,2427.0,2542.0,2589.0,2646.0,2710.0,2805.0,2866.0,2913.0,3030.0,3100.0,3189.0,3260.0,3324.0,3397.0,3486.0,3647.0,3718.0,3776.0,3873.0,3935.0,4023.0,4508.0,4620.0,4915.0,4985.0,5046.0,5185.0,5329.0,5352.0,5536.0,5690.0,5811.0,5890.0,5951.0,6003.0,6111.0
Rhode Island,588390113.0,5880.0,390113.0,208.27571053,-357.32052549,0.0,0.0,0.0,0.0,0.0,0.0,0.0,0.0,0.0,0.0,0.0,0.0,0.0,0.0,0.0,0.0,0.0,0.0,0.0,0.0,0.0,0.0,0.0,0.0,0.0,0.0,0.0,0.0,0.0,0.0,0.0,0.0,0.0,0.0,0.0,0.0,0.0,0.0,0.0,1.0,2.0,2.0,2.0,2.0,2.0,3.0,3.0,3.0,3.0,5.0,3.0,12.0,20.0,20.0,21.0,23.0,33.0,44.0,54.0,66.0,83.0,106.0,124.0,132.0,165.0,203.0,239.0,294.0,408.0,488.0,566.0,645.0,711.0,806.0,922.0,1082.0,1229.0,1450.0,1727.0,1727.0,2349.0,2665.0,2665.0,3251.0,3251.0,3529.0,4177.0,4491.0,4706.0,5090.0,5500.0,5841.0,6256.0,6699.0,7129.0,7439.0,7708.0,7927.0,8247.0,8621.0,8962.0,9289.0,9477.0,9652.0,9933.0,10205.0,10530.0,10779.0,10989.0,11274.0,11450.0,11614.0,11835.0,12016.0,12219.0,12434.0,12674.0,12795.0,12951.0,13356.0,13571.0,13736.0,13952.0,14065.0,14065.0,14210.0,14353.0,14494.0,14635.0,14819.0,14928.0,14991.0,15112.0,15219.0,15325.0,15441.0,15441.0,15441.0,15642.0,15691.0,15756.0,15862.0,15947.0,15947.0,15947.0,16093.0,16164.0,16213.0,16269.0
South Carolina,4034242206.0,40320.0,2242206.0,1562.0437180300005,-3725.2363858399995,0.0,0.0,0.0,0.0,0.0,0.0,0.0,0.0,0.0,0.0,0.0,0.0,0.0,0.0,0.0,0.0,0.0,0.0,0.0,0.0,0.0,0.0,0.0,0.0,0.0,0.0,0.0,0.0,0.0,0.0,0.0,0.0,0.0,0.0,0.0,0.0,0.0,0.0,0.0,0.0,0.0,0.0,0.0,0.0,0.0,2.0,2.0,3.0,7.0,10.0,7.0,8.0,19.0,19.0,30.0,47.0,60.0,80.0,126.0,174.0,196.0,298.0,342.0,424.0,424.0,542.0,660.0,774.0,925.0,1083.0,1293.0,1554.0,1700.0,1917.0,2049.0,2232.0,2417.0,2417.0,2793.0,3067.0,3211.0,3320.0,3391.0,3553.0,3656.0,3931.0,4099.0,4248.0,4377.0,4446.0,4439.0,4761.0,4917.0,5070.0,5253.0,5498.0,5613.0,5735.0,5882.0,6095.0,6258.0,6489.0,6626.0,6757.0,6841.0,6936.0,7142.0,7367.0,7531.0,7653.0,7792.0,7927.0,8030.0,8189.0,8407.0,8661.0,8816.0,8942.0,9056.0,9175.0,9381.0,9638.0,9895.0,10096.0,10178.0,10416.0,10623.0,10788.0,11131.0,11394.0,11861.0,12148.0,12415.0,12415.0,12415.0,13453.0,13453.0,14286.0,14800.0,15228.0,15759.0,16441.0,17170.0,17955.0,18795.0,19378.0,19990.0,20556.0,21533.0
South Dakota,5715210577.0,57120.0,3210577.0,2921.9978651999995,-6554.50198811,0.0,0.0,0.0,0.0,0.0,0.0,0.0,0.0,0.0,0.0,0.0,0.0,0.0,0.0,0.0,0.0,0.0,0.0,0.0,0.0,0.0,0.0,0.0,0.0,0.0,0.0,0.0,0.0,0.0,0.0,0.0,0.0,0.0,0.0,0.0,0.0,0.0,0.0,0.0,0.0,0.0,0.0,0.0,0.0,0.0,0.0,0.0,0.0,0.0,8.0,7.0,8.0,8.0,8.0,10.0,11.0,11.0,14.0,14.0,14.0,21.0,28.0,30.0,41.0,46.0,58.0,68.0,90.0,101.0,108.0,129.0,165.0,187.0,212.0,240.0,288.0,320.0,393.0,447.0,536.0,626.0,730.0,868.0,988.0,1168.0,1311.0,1411.0,1542.0,1635.0,1685.0,1755.0,1858.0,1956.0,2040.0,2147.0,2212.0,2244.0,2313.0,2373.0,2449.0,2525.0,2588.0,2631.0,2668.0,2721.0,2780.0,2906.0,3145.0,3393.0,3517.0,3614.0,3663.0,3732.0,3792.0,3887.0,3959.0,3987.0,4027.0,4085.0,4177.0,4177.0,4356.0,4464.0,4563.0,4586.0,4653.0,4710.0,4793.0,4866.0,4960.0,4993.0,5034.0,5067.0,5162.0,5247.0,5277.0,5367.0,5438.0,5471.0,5523.0,5604.0,5665.0,5742.0,5833.0,5898.0,5928.0,5966.0,6050.0,6109.0
Tennessee,8152644119.0,81480.0,4644119.0,3409.0847101599993,-8180.328683919998,0.0,0.0,0.0,0.0,0.0,0.0,0.0,0.0,0.0,0.0,0.0,0.0,0.0,0.0,0.0,0.0,0.0,0.0,0.0,0.0,0.0,0.0,0.0,0.0,0.0,0.0,0.0,0.0,0.0,0.0,0.0,0.0,0.0,0.0,0.0,0.0,0.0,0.0,0.0,0.0,0.0,0.0,0.0,1.0,1.0,1.0,3.0,3.0,3.0,9.0,18.0,26.0,32.0,32.0,52.0,74.0,100.0,154.0,223.0,304.0,393.0,614.0,772.0,916.0,1097.0,1318.0,1511.0,1720.0,1917.0,2391.0,2933.0,3013.0,3067.0,3322.0,3633.0,3802.0,4139.0,4363.0,4634.0,4891.0,5132.0,5508.0,5610.0,5827.0,5827.0,6166.0,6263.0,6589.0,7070.0,7238.0,7394.0,7394.0,8266.0,8728.0,9189.0,9667.0,9918.0,10052.0,10366.0,10735.0,11891.0,12661.0,13177.0,13571.0,13690.0,13938.0,14096.0,14441.0,14768.0,14985.0,15544.0,16111.0,16370.0,16699.0,16960.0,17263.0,17359.0,18011.0,18412.0,18412.0,18961.0,19394.0,19785.0,20111.0,20535.0,20895.0,21285.0,21679.0,22063.0,22566.0,22566.0,22566.0,24342.0,24833.0,25190.0,25664.0,26177.0,26493.0,27005.0,27575.0,27930.0,28340.0,29118.0,29549.0,30343.0,31004.0,31751.0,32114.0,32770.0
Texas,21516426612.0,215040.0,12426612.0,8041.803434339999,-25057.879425249983,0.0,0.0,0.0,0.0,0.0,0.0,0.0,0.0,0.0,0.0,0.0,0.0,0.0,0.0,0.0,0.0,0.0,0.0,0.0,0.0,0.0,0.0,0.0,0.0,0.0,0.0,0.0,0.0,0.0,0.0,0.0,0.0,0.0,0.0,0.0,0.0,0.0,0.0,0.0,0.0,0.0,0.0,0.0,3.0,4.0,8.0,11.0,13.0,16.0,21.0,27.0,44.0,60.0,63.0,85.0,110.0,196.0,306.0,429.0,582.0,643.0,758.0,955.0,1229.0,1563.0,1937.0,2455.0,2792.0,3147.0,3809.0,4355.0,5069.0,5734.0,6567.0,7209.0,8043.0,8925.0,9777.0,11208.0,12105.0,13023.0,13677.0,14275.0,15006.0,15907.0,16876.0,17849.0,18704.0,19260.0,19751.0,20574.0,21321.0,22650.0,23642.0,24153.0,24967.0,25321.0,26357.0,27257.0,28727.0,29692.0,30917.0,31998.0,32783.0,33912.0,34928.0,36036.0,37246.0,38394.0,39258.0,40555.0,41432.0,43020.0,44480.0,45721.0,47452.0,48396.0,49177.0,50552.0,51673.0,53053.0,53539.0,54776.0,55861.0,56409.0,57230.0,58542.0,60395.0,60901.0,62675.0,64652.0,65593.0,67310.0,68877.0,70555.0,72548.0,74470.0,75408.0,76463.0,78208.0,80777.0,82658.0,84927.0,86915.0,88523.0,90211.0,93569.0,97699.0,101259.0
Utah,3110012044.0,31080.0,1591939.0,1388.55098628,-3904.5199434000006,0.0,0.0,0.0,0.0,0.0,0.0,0.0,0.0,0.0,0.0,0.0,0.0,0.0,0.0,0.0,0.0,0.0,0.0,0.0,0.0,0.0,0.0,0.0,0.0,0.0,0.0,0.0,0.0,0.0,0.0,0.0,0.0,0.0,0.0,0.0,0.0,0.0,0.0,0.0,0.0,0.0,0.0,0.0,0.0,0.0,1.0,1.0,1.0,2.0,3.0,3.0,9.0,10.0,18.0,28.0,39.0,47.0,62.0,95.0,118.0,162.0,257.0,298.0,340.0,396.0,472.0,602.0,720.0,798.0,888.0,888.0,1086.0,1248.0,1428.0,1601.0,1678.0,1739.0,1848.0,1856.0,2103.0,2207.0,2303.0,2363.0,2417.0,2548.0,2683.0,2793.0,2917.0,3069.0,3213.0,3297.0,3445.0,3612.0,3782.0,3948.0,4123.0,4236.0,4345.0,4497.0,4672.0,4828.0,4985.0,5175.0,5317.0,5449.0,5595.0,5724.0,5919.0,6103.0,6251.0,6362.0,6432.0,6620.0,6749.0,6913.0,7068.0,7238.0,7384.0,7518.0,7710.0,7874.0,8057.0,8260.0,8392.0,8521.0,8620.0,8706.0,8921.0,9264.0,9533.0,9797.0,9999.0,10202.0,10497.0,10813.0,11252.0,11798.0,12066.0,12322.0,12559.0,12864.0,13252.0,13577.0,13981.0,14313.0,14608.0,14937.0,15344.0,15839.0
Vermont,1344870296.0,13440.0,870296.0,618.2329411800001,-1017.58132988,0.0,0.0,0.0,0.0,0.0,0.0,0.0,0.0,0.0,0.0,0.0,0.0,0.0,0.0,0.0,0.0,0.0,0.0,0.0,0.0,0.0,0.0,0.0,0.0,0.0,0.0,0.0,0.0,0.0,0.0,0.0,0.0,0.0,0.0,0.0,0.0,0.0,0.0,0.0,0.0,0.0,0.0,0.0,0.0,0.0,0.0,1.0,1.0,1.0,1.0,2.0,2.0,5.0,5.0,12.0,12.0,13.0,22.0,29.0,49.0,52.0,75.0,95.0,125.0,158.0,184.0,211.0,235.0,256.0,293.0,321.0,338.0,389.0,461.0,512.0,543.0,575.0,605.0,628.0,679.0,711.0,727.0,748.0,752.0,759.0,774.0,779.0,803.0,813.0,816.0,818.0,823.0,825.0,827.0,843.0,851.0,855.0,862.0,862.0,866.0,879.0,886.0,897.0,902.0,907.0,908.0,916.0,919.0,921.0,927.0,926.0,927.0,929.0,932.0,933.0,934.0,940.0,940.0,944.0,944.0,950.0,952.0,954.0,956.0,962.0,967.0,971.0,974.0,975.0,977.0,981.0,983.0,988.0,990.0,1026.0,1027.0,1046.0,1063.0,1075.0,1084.0,1095.0,1110.0,1119.0,1125.0,1127.0,1128.0,1131.0,1130.0,1135.0
Virgin Islands,850.0,850.0,78.0,18.3358,-64.8963,0.0,0.0,0.0,0.0,0.0,0.0,0.0,0.0,0.0,0.0,0.0,0.0,0.0,0.0,0.0,0.0,0.0,0.0,0.0,0.0,0.0,0.0,0.0,0.0,0.0,0.0,0.0,0.0,0.0,0.0,0.0,0.0,0.0,0.0,0.0,0.0,0.0,0.0,0.0,0.0,0.0,0.0,0.0,0.0,0.0,0.0,0.0,0.0,0.0,0.0,0.0,0.0,0.0,0.0,1.0,2.0,2.0,3.0,3.0,6.0,6.0,7.0,17.0,17.0,17.0,19.0,22.0,23.0,30.0,30.0,30.0,30.0,37.0,40.0,42.0,43.0,43.0,45.0,45.0,50.0,51.0,51.0,51.0,51.0,51.0,51.0,51.0,53.0,53.0,53.0,53.0,54.0,54.0,54.0,55.0,57.0,57.0,57.0,57.0,66.0,66.0,66.0,66.0,66.0,66.0,66.0,66.0,68.0,68.0,69.0,69.0,69.0,69.0,69.0,69.0,69.0,69.0,69.0,69.0,69.0,69.0,69.0,69.0,69.0,69.0,69.0,69.0,69.0,69.0,69.0,69.0,70.0,70.0,70.0,71.0,71.0,71.0,71.0,71.0,71.0,72.0,72.0,72.0,72.0,72.0,72.0,72.0,73.0,73.0
Virginia,11346988213.0,113400.0,6988213.0,4996.297993259999,-10442.323660759994,0.0,0.0,0.0,0.0,0.0,0.0,0.0,0.0,0.0,0.0,0.0,0.0,0.0,0.0,0.0,0.0,0.0,0.0,0.0,0.0,0.0,0.0,0.0,0.0,0.0,0.0,0.0,0.0,0.0,0.0,0.0,0.0,0.0,0.0,0.0,0.0,0.0,0.0,0.0,0.0,0.0,0.0,0.0,0.0,0.0,0.0,2.0,2.0,8.0,9.0,12.0,27.0,37.0,37.0,49.0,67.0,79.0,103.0,123.0,157.0,220.0,254.0,293.0,396.0,466.0,607.0,740.0,890.0,1020.0,1249.0,1483.0,1706.0,2012.0,2407.0,2640.0,2878.0,3335.0,3645.0,4042.0,4509.0,5077.0,5274.0,5747.0,6182.0,6500.0,6889.0,7491.0,8053.0,8542.0,8990.0,9630.0,10266.0,10998.0,11594.0,12366.0,12970.0,13538.0,14339.0,14962.0,15847.0,16902.0,17738.0,18672.0,19493.0,20257.0,20985.0,21570.0,22342.0,23196.0,24081.0,25070.0,25800.0,26746.0,27813.0,28672.0,29683.0,30388.0,31140.0,32145.0,32908.0,34137.0,34950.0,35749.0,36244.0,37727.0,39342.0,40249.0,41401.0,42533.0,43611.0,44607.0,45398.0,46239.0,46905.0,47856.0,48532.0,49397.0,50681.0,51251.0,51738.0,52177.0,52647.0,53211.0,53869.0,54506.0,54886.0,55331.0,55775.0,56238.0
Washington,3446238627.0,34440.0,2238627.0,1842.11767038,-4708.0495962,1.0,1.0,1.0,1.0,1.0,1.0,1.0,1.0,1.0,1.0,1.0,1.0,1.0,1.0,1.0,1.0,1.0,1.0,1.0,1.0,1.0,1.0,1.0,1.0,1.0,1.0,1.0,1.0,1.0,1.0,1.0,1.0,1.0,1.0,1.0,1.0,1.0,1.0,7.0,11.0,18.0,27.0,39.0,70.0,78.0,102.0,122.0,122.0,167.0,282.0,442.0,568.0,642.0,603.0,779.0,955.0,1022.0,1374.0,1524.0,1793.0,1997.0,2221.0,2328.0,2591.0,3207.0,3477.0,4030.0,4465.0,4923.0,5432.0,5608.0,6389.0,6846.0,7247.0,7825.0,8311.0,8692.0,9276.0,9639.0,10119.0,10434.0,10609.0,10635.0,10799.0,10942.0,11057.0,11517.0,11776.0,11978.0,12114.0,12392.0,12596.0,12753.0,12977.0,13319.0,13521.0,13686.0,13842.0,14070.0,14327.0,14637.0,15003.0,15185.0,15462.0,15594.0,15905.0,16231.0,16388.0,16674.0,16891.0,17122.0,17330.0,17512.0,17773.0,17951.0,18288.0,18433.0,18611.0,18811.0,18971.0,19117.0,19265.0,19265.0,19828.0,20065.0,20181.0,20406.0,20764.0,21071.0,21349.0,21702.0,21977.0,22157.0,22484.0,22729.0,22993.0,23442.0,23729.0,24041.0,24354.0,24354.0,24779.0,25171.0,25538.0,25834.0,26158.0,26531.0,26784.0,27192.0
West Virginia,4791143133.0,47880.0,3143133.0,2134.78395387,-4433.959998229999,0.0,0.0,0.0,0.0,0.0,0.0,0.0,0.0,0.0,0.0,0.0,0.0,0.0,0.0,0.0,0.0,0.0,0.0,0.0,0.0,0.0,0.0,0.0,0.0,0.0,0.0,0.0,0.0,0.0,0.0,0.0,0.0,0.0,0.0,0.0,0.0,0.0,0.0,0.0,0.0,0.0,0.0,0.0,0.0,0.0,0.0,0.0,0.0,0.0,0.0,0.0,0.0,0.0,0.0,0.0,0.0,1.0,2.0,8.0,12.0,16.0,16.0,22.0,39.0,52.0,76.0,96.0,113.0,145.0,162.0,191.0,216.0,237.0,282.0,324.0,345.0,412.0,483.0,514.0,574.0,577.0,593.0,611.0,640.0,702.0,728.0,775.0,785.0,890.0,902.0,908.0,939.0,981.0,1010.0,1010.0,1055.0,1063.0,1095.0,1110.0,1125.0,1152.0,1185.0,1195.0,1224.0,1246.0,1242.0,1287.0,1323.0,1323.0,1360.0,1366.0,1378.0,1398.0,1427.0,1447.0,1470.0,1492.0,1502.0,1502.0,1567.0,1593.0,1705.0,1705.0,1759.0,1774.0,1774.0,1899.0,1935.0,1951.0,1989.0,2010.0,2028.0,2056.0,2077.0,2102.0,2119.0,2136.0,2144.0,2161.0,2169.0,2194.0,2217.0,2249.0,2274.0,2290.0,2322.0,2341.0,2376.0,2418.0
Wisconsin,6220135229.0,62160.0,4135229.0,3196.450331630001,-6465.454558629999,0.0,0.0,0.0,0.0,0.0,0.0,0.0,0.0,0.0,0.0,0.0,0.0,0.0,0.0,0.0,0.0,0.0,0.0,0.0,0.0,0.0,0.0,0.0,0.0,0.0,0.0,0.0,0.0,0.0,0.0,0.0,0.0,0.0,0.0,0.0,0.0,0.0,0.0,0.0,0.0,0.0,0.0,0.0,0.0,0.0,0.0,0.0,0.0,3.0,4.0,8.0,19.0,27.0,28.0,48.0,73.0,111.0,159.0,219.0,282.0,381.0,425.0,481.0,621.0,728.0,926.0,1055.0,1164.0,1230.0,1412.0,1556.0,1748.0,2012.0,2030.0,2320.0,2449.0,2578.0,2710.0,2886.0,3068.0,3213.0,3341.0,3428.0,3555.0,3721.0,3875.0,4053.0,4199.0,4346.0,4499.0,4625.0,4845.0,5052.0,5356.0,5687.0,5912.0,6081.0,6289.0,6520.0,6854.0,7314.0,7660.0,7964.0,8236.0,8566.0,8901.0,9215.0,9590.0,9939.0,10219.0,10418.0,10611.0,10902.0,11275.0,11685.0,12187.0,12543.0,12687.0,12885.0,13413.0,13885.0,14396.0,14877.0,15277.0,15584.0,15863.0,16462.0,16974.0,17707.0,18230.0,18403.0,18543.0,18917.0,19400.0,19892.0,20249.0,20571.0,20835.0,21038.0,21308.0,21593.0,21926.0,22246.0,22518.0,22758.0,22932.0,23198.0,23456.0,23876.0
Wyoming,2101458641.0,21000.0,1458641.0,990.9983666200001,-2464.5245707,0.0,0.0,0.0,0.0,0.0,0.0,0.0,0.0,0.0,0.0,0.0,0.0,0.0,0.0,0.0,0.0,0.0,0.0,0.0,0.0,0.0,0.0,0.0,0.0,0.0,0.0,0.0,0.0,0.0,0.0,0.0,0.0,0.0,0.0,0.0,0.0,0.0,0.0,0.0,0.0,0.0,0.0,0.0,0.0,0.0,0.0,0.0,0.0,0.0,0.0,1.0,1.0,2.0,2.0,2.0,11.0,16.0,18.0,21.0,23.0,26.0,26.0,29.0,44.0,53.0,70.0,82.0,86.0,94.0,109.0,130.0,150.0,162.0,187.0,197.0,210.0,216.0,221.0,230.0,239.0,261.0,270.0,275.0,282.0,287.0,296.0,305.0,309.0,313.0,317.0,443.0,447.0,453.0,473.0,491.0,502.0,520.0,536.0,545.0,559.0,566.0,579.0,586.0,596.0,604.0,631.0,635.0,644.0,653.0,662.0,669.0,675.0,688.0,701.0,716.0,741.0,754.0,766.0,776.0,787.0,801.0,803.0,813.0,838.0,843.0,850.0,860.0,876.0,891.0,898.0,903.0,910.0,912.0,915.0,921.0,933.0,939.0,947.0,960.0,970.0,980.0,1009.0,1027.0,1050.0,1060.0,1079.0,1089.0,1114.0,1144.0
