Province_State,UID,code3,FIPS,Lat,Long_,Population,1/22/20,1/23/20,1/24/20,1/25/20,1/26/20,1/27/20,1/28/20,1/29/20,1/30/20,1/31/20,2/1/20,2/2/20,2/3/20,2/4/20,2/5/20,2/6/20,2/7/20,2/8/20,2/9/20,2/10/20,2/11/20,2/12/20,2/13/20,2/14/20,2/15/20,2/16/20,2/17/20,2/18/20,2/19/20,2/20/20,2/21/20,2/22/20,2/23/20,2/24/20,2/25/20,2/26/20,2/27/20,2/28/20,2/29/20,3/1/20,3/2/20,3/3/20,3/4/20,3/5/20,3/6/20,3/7/20,3/8/20,3/9/20,3/10/20,3/11/20,3/12/20,3/13/20,3/14/20,3/15/20,3/16/20,3/17/20,3/18/20,3/19/20,3/20/20,3/21/20,3/22/20,3/23/20,3/24/20,3/25/20,3/26/20,3/27/20,3/28/20,3/29/20,3/30/20,3/31/20,4/1/20,4/2/20,4/3/20,4/4/20,4/5/20,4/6/20,4/7/20,4/8/20,4/9/20,4/10/20,4/11/20,4/12/20,4/13/20,4/14/20,4/15/20,4/16/20,4/17/20,4/18/20,4/19/20,4/20/20,4/21/20,4/22/20,4/23/20,4/24/20,4/25/20,4/26/20,4/27/20,4/28/20,4/29/20,4/30/20,5/1/20,5/2/20,5/3/20,5/4/20,5/5/20,5/6/20,5/7/20,5/8/20,5/9/20,5/10/20,5/11/20,5/12/20,5/13/20,5/14/20,5/15/20,5/16/20,5/17/20,5/18/20,5/19/20,5/20/20,5/21/20,5/22/20,5/23/20,5/24/20,5/25/20,5/26/20,5/27/20,5/28/20,5/29/20,5/30/20,5/31/20,6/1/20,6/2/20,6/3/20,6/4/20,6/5/20,6/6/20,6/7/20,6/8/20,6/9/20,6/10/20,6/11/20,6/12/20,6/13/20,6/14/20,6/15/20,6/16/20,6/17/20,6/18/20
Alabama,5796241491.0,57960.0,241491.0,2203.24678369,-5809.578199250002,4903185.0,0.0,0.0,0.0,0.0,0.0,0.0,0.0,0.0,0.0,0.0,0.0,0.0,0.0,0.0,0.0,0.0,0.0,0.0,0.0,0.0,0.0,0.0,0.0,0.0,0.0,0.0,0.0,0.0,0.0,0.0,0.0,0.0,0.0,0.0,0.0,0.0,0.0,0.0,0.0,0.0,0.0,0.0,0.0,0.0,0.0,0.0,0.0,0.0,0.0,0.0,0.0,0.0,0.0,0.0,0.0,0.0,0.0,0.0,0.0,0.0,0.0,0.0,0.0,1.0,1.0,4.0,4.0,10.0,10.0,23.0,27.0,32.0,38.0,44.0,45.0,49.0,64.0,66.0,70.0,80.0,92.0,93.0,99.0,114.0,118.0,133.0,148.0,153.0,157.0,163.0,183.0,196.0,202.0,209.0,209.0,219.0,228.0,242.0,256.0,272.0,289.0,288.0,290.0,298.0,315.0,343.0,369.0,383.0,390.0,393.0,403.0,435.0,450.0,473.0,483.0,485.0,488.0,489.0,504.0,522.0,529.0,541.0,549.0,551.0,566.0,580.0,583.0,591.0,610.0,618.0,630.0,646.0,653.0,653.0,653.0,676.0,689.0,692.0,718.0,729.0,744.0,755.0,769.0,773.0,773.0,774.0,785.0,790.0,810.0
Alaska,2604232344.0,26040.0,232344.0,1747.5798765500003,-4229.3193343,731545.0,0.0,0.0,0.0,0.0,0.0,0.0,0.0,0.0,0.0,0.0,0.0,0.0,0.0,0.0,0.0,0.0,0.0,0.0,0.0,0.0,0.0,0.0,0.0,0.0,0.0,0.0,0.0,0.0,0.0,0.0,0.0,0.0,0.0,0.0,0.0,0.0,0.0,0.0,0.0,0.0,0.0,0.0,0.0,0.0,0.0,0.0,0.0,0.0,0.0,0.0,0.0,0.0,0.0,0.0,0.0,0.0,0.0,0.0,0.0,0.0,0.0,0.0,0.0,1.0,1.0,1.0,2.0,2.0,3.0,3.0,3.0,3.0,3.0,5.0,6.0,6.0,6.0,7.0,7.0,7.0,8.0,8.0,8.0,9.0,9.0,9.0,9.0,9.0,9.0,9.0,9.0,9.0,9.0,9.0,9.0,9.0,9.0,9.0,9.0,9.0,9.0,9.0,9.0,9.0,9.0,10.0,10.0,10.0,10.0,10.0,10.0,10.0,10.0,10.0,10.0,10.0,10.0,10.0,10.0,10.0,10.0,10.0,10.0,10.0,10.0,10.0,10.0,10.0,10.0,10.0,10.0,10.0,10.0,10.0,10.0,10.0,10.0,10.0,10.0,11.0,11.0,11.0,12.0,12.0,12.0,12.0,12.0,12.0,12.0
American Samoa,16.0,16.0,60.0,-14.271,-170.132,55641.0,0.0,0.0,0.0,0.0,0.0,0.0,0.0,0.0,0.0,0.0,0.0,0.0,0.0,0.0,0.0,0.0,0.0,0.0,0.0,0.0,0.0,0.0,0.0,0.0,0.0,0.0,0.0,0.0,0.0,0.0,0.0,0.0,0.0,0.0,0.0,0.0,0.0,0.0,0.0,0.0,0.0,0.0,0.0,0.0,0.0,0.0,0.0,0.0,0.0,0.0,0.0,0.0,0.0,0.0,0.0,0.0,0.0,0.0,0.0,0.0,0.0,0.0,0.0,0.0,0.0,0.0,0.0,0.0,0.0,0.0,0.0,0.0,0.0,0.0,0.0,0.0,0.0,0.0,0.0,0.0,0.0,0.0,0.0,0.0,0.0,0.0,0.0,0.0,0.0,0.0,0.0,0.0,0.0,0.0,0.0,0.0,0.0,0.0,0.0,0.0,0.0,0.0,0.0,0.0,0.0,0.0,0.0,0.0,0.0,0.0,0.0,0.0,0.0,0.0,0.0,0.0,0.0,0.0,0.0,0.0,0.0,0.0,0.0,0.0,0.0,0.0,0.0,0.0,0.0,0.0,0.0,0.0,0.0,0.0,0.0,0.0,0.0,0.0,0.0,0.0,0.0,0.0,0.0,0.0,0.0,0.0,0.0,0.0,0.0
Arizona,1428230216.0,14280.0,230216.0,505.13855463,-1671.9484819,7278717.0,0.0,0.0,0.0,0.0,0.0,0.0,0.0,0.0,0.0,0.0,0.0,0.0,0.0,0.0,0.0,0.0,0.0,0.0,0.0,0.0,0.0,0.0,0.0,0.0,0.0,0.0,0.0,0.0,0.0,0.0,0.0,0.0,0.0,0.0,0.0,0.0,0.0,0.0,0.0,0.0,0.0,0.0,0.0,0.0,0.0,0.0,0.0,0.0,0.0,0.0,0.0,0.0,0.0,0.0,0.0,0.0,0.0,0.0,0.0,1.0,2.0,2.0,5.0,6.0,8.0,13.0,15.0,17.0,20.0,25.0,32.0,35.0,44.0,52.0,64.0,65.0,73.0,89.0,98.0,106.0,117.0,125.0,132.0,143.0,155.0,164.0,183.0,180.0,184.0,191.0,208.0,231.0,249.0,266.0,273.0,275.0,275.0,275.0,308.0,320.0,330.0,330.0,362.0,362.0,395.0,426.0,450.0,517.0,532.0,536.0,542.0,562.0,595.0,624.0,651.0,679.0,680.0,687.0,705.0,747.0,764.0,775.0,801.0,801.0,807.0,810.0,834.0,860.0,886.0,904.0,907.0,918.0,943.0,983.0,999.0,1015.0,1043.0,1051.0,1053.0,1076.0,1101.0,1135.0,1156.0,1189.0,1191.0,1203.0,1228.0,1249.0,1283.0
Arkansas,6468550635.0,64680.0,550635.0,2618.39170427,-6932.548370129999,3017804.0,0.0,0.0,0.0,0.0,0.0,0.0,0.0,0.0,0.0,0.0,0.0,0.0,0.0,0.0,0.0,0.0,0.0,0.0,0.0,0.0,0.0,0.0,0.0,0.0,0.0,0.0,0.0,0.0,0.0,0.0,0.0,0.0,0.0,0.0,0.0,0.0,0.0,0.0,0.0,0.0,0.0,0.0,0.0,0.0,0.0,0.0,0.0,0.0,0.0,0.0,0.0,0.0,0.0,0.0,0.0,0.0,0.0,0.0,0.0,0.0,0.0,0.0,2.0,2.0,2.0,3.0,5.0,6.0,7.0,8.0,10.0,12.0,12.0,14.0,16.0,16.0,18.0,18.0,21.0,21.0,25.0,27.0,29.0,32.0,33.0,37.0,37.0,38.0,39.0,41.0,42.0,42.0,45.0,47.0,48.0,51.0,51.0,57.0,57.0,61.0,64.0,72.0,76.0,80.0,83.0,87.0,87.0,88.0,88.0,91.0,94.0,95.0,97.0,98.0,98.0,98.0,98.0,100.0,102.0,107.0,110.0,113.0,115.0,116.0,117.0,119.0,120.0,125.0,132.0,133.0,133.0,133.0,136.0,142.0,151.0,152.0,154.0,154.0,155.0,161.0,165.0,171.0,176.0,177.0,179.0,182.0,188.0,197.0,208.0
California,5040521376.0,50400.0,521376.0,2194.94977547,-7002.258461499999,39512223.0,0.0,0.0,0.0,0.0,0.0,0.0,0.0,0.0,0.0,0.0,0.0,0.0,0.0,0.0,0.0,0.0,0.0,0.0,0.0,0.0,0.0,0.0,0.0,0.0,0.0,0.0,0.0,0.0,0.0,0.0,0.0,0.0,0.0,0.0,0.0,0.0,0.0,0.0,0.0,0.0,0.0,0.0,1.0,1.0,1.0,1.0,1.0,1.0,2.0,4.0,4.0,4.0,3.0,5.0,7.0,12.0,16.0,18.0,24.0,25.0,30.0,39.0,50.0,65.0,81.0,94.0,110.0,124.0,146.0,173.0,199.0,238.0,265.0,289.0,348.0,380.0,432.0,495.0,544.0,583.0,604.0,640.0,714.0,767.0,860.0,956.0,1037.0,1140.0,1177.0,1225.0,1282.0,1421.0,1533.0,1621.0,1689.0,1725.0,1779.0,1864.0,1946.0,2031.0,2126.0,2180.0,2216.0,2278.0,2381.0,2464.0,2535.0,2613.0,2687.0,2716.0,2779.0,2879.0,2957.0,3052.0,3136.0,3208.0,3240.0,3279.0,3403.0,3497.0,3583.0,3665.0,3737.0,3753.0,3768.0,3818.0,3894.0,3993.0,4077.0,4144.0,4172.0,4217.0,4305.0,4374.0,4444.0,4529.0,4607.0,4632.0,4657.0,4745.0,4854.0,4934.0,4978.0,5076.0,5099.0,5114.0,5200.0,5271.0,5355.0
Colorado,5544685999.0,55440.0,685999.0,2491.870365929999,-6751.119357399998,5758736.0,0.0,0.0,0.0,0.0,0.0,0.0,0.0,0.0,0.0,0.0,0.0,0.0,0.0,0.0,0.0,0.0,0.0,0.0,0.0,0.0,0.0,0.0,0.0,0.0,0.0,0.0,0.0,0.0,0.0,0.0,0.0,0.0,0.0,0.0,0.0,0.0,0.0,0.0,0.0,0.0,0.0,0.0,0.0,0.0,0.0,0.0,0.0,0.0,0.0,0.0,1.0,2.0,2.0,2.0,2.0,3.0,3.0,5.0,5.0,6.0,7.0,7.0,11.0,20.0,19.0,31.0,44.0,47.0,51.0,69.0,79.0,97.0,111.0,126.0,140.0,150.0,179.0,193.0,226.0,250.0,274.0,289.0,306.0,327.0,354.0,372.0,389.0,411.0,420.0,447.0,483.0,506.0,552.0,674.0,684.0,688.0,706.0,736.0,766.0,777.0,821.0,832.0,842.0,851.0,903.0,919.0,944.0,960.0,967.0,971.0,987.0,1010.0,1062.0,1086.0,1150.0,1192.0,1215.0,1224.0,1257.0,1299.0,1310.0,1324.0,1327.0,1332.0,1333.0,1352.0,1392.0,1421.0,1436.0,1443.0,1445.0,1458.0,1474.0,1494.0,1512.0,1524.0,1527.0,1527.0,1543.0,1553.0,1572.0,1582.0,1582.0,1597.0,1598.0,1605.0,1617.0,1631.0,1638.0
Connecticut,840242082.0,8400.0,242082.0,332.90944112,-581.25463743,3565287.0,0.0,0.0,0.0,0.0,0.0,0.0,0.0,0.0,0.0,0.0,0.0,0.0,0.0,0.0,0.0,0.0,0.0,0.0,0.0,0.0,0.0,0.0,0.0,0.0,0.0,0.0,0.0,0.0,0.0,0.0,0.0,0.0,0.0,0.0,0.0,0.0,0.0,0.0,0.0,0.0,0.0,0.0,0.0,0.0,0.0,0.0,0.0,0.0,0.0,0.0,0.0,0.0,0.0,0.0,0.0,0.0,1.0,3.0,4.0,4.0,8.0,10.0,12.0,19.0,21.0,27.0,33.0,34.0,36.0,69.0,85.0,112.0,131.0,165.0,189.0,206.0,277.0,326.0,380.0,448.0,494.0,554.0,602.0,671.0,868.0,971.0,1036.0,1086.0,1127.0,1331.0,1423.0,1544.0,1639.0,1767.0,1865.0,1924.0,2012.0,2087.0,2169.0,2257.0,2339.0,2436.0,2436.0,2556.0,2633.0,2718.0,2797.0,2874.0,2932.0,2967.0,3008.0,3041.0,3125.0,3219.0,3285.0,3339.0,3408.0,3450.0,3472.0,3529.0,3583.0,3637.0,3675.0,3693.0,3742.0,3769.0,3803.0,3826.0,3868.0,3912.0,3944.0,3970.0,3972.0,3989.0,4007.0,4038.0,4055.0,4071.0,4084.0,4097.0,4120.0,4146.0,4159.0,4186.0,4201.0,4204.0,4210.0,4219.0,4226.0
Delaware,420200029.0,4200.0,200029.0,117.32783047000001,-226.59971236999996,973764.0,0.0,0.0,0.0,0.0,0.0,0.0,0.0,0.0,0.0,0.0,0.0,0.0,0.0,0.0,0.0,0.0,0.0,0.0,0.0,0.0,0.0,0.0,0.0,0.0,0.0,0.0,0.0,0.0,0.0,0.0,0.0,0.0,0.0,0.0,0.0,0.0,0.0,0.0,0.0,0.0,0.0,0.0,0.0,0.0,0.0,0.0,0.0,0.0,0.0,0.0,0.0,0.0,0.0,0.0,0.0,0.0,0.0,0.0,0.0,0.0,0.0,0.0,0.0,0.0,1.0,2.0,5.0,6.0,6.0,10.0,11.0,12.0,14.0,14.0,14.0,15.0,16.0,19.0,23.0,32.0,33.0,35.0,41.0,43.0,46.0,55.0,61.0,67.0,67.0,72.0,82.0,89.0,92.0,100.0,112.0,120.0,125.0,137.0,144.0,152.0,159.0,168.0,177.0,182.0,187.0,193.0,202.0,213.0,221.0,221.0,225.0,237.0,247.0,260.0,271.0,286.0,290.0,297.0,304.0,310.0,317.0,322.0,322.0,326.0,332.0,335.0,344.0,345.0,356.0,361.0,366.0,368.0,373.0,375.0,386.0,388.0,390.0,398.0,398.0,410.0,413.0,414.0,414.0,419.0,422.0,423.0,424.0,426.0,431.0
Diamond Princess,84088888.0,840.0,88888.0,0.0,0.0,0.0,0.0,0.0,0.0,0.0,0.0,0.0,0.0,0.0,0.0,0.0,0.0,0.0,0.0,0.0,0.0,0.0,0.0,0.0,0.0,0.0,0.0,0.0,0.0,0.0,0.0,0.0,0.0,0.0,0.0,0.0,0.0,0.0,0.0,0.0,0.0,0.0,0.0,0.0,0.0,0.0,0.0,0.0,0.0,0.0,0.0,0.0,0.0,0.0,0.0,0.0,0.0,0.0,0.0,0.0,0.0,0.0,0.0,0.0,0.0,0.0,0.0,0.0,0.0,0.0,0.0,0.0,0.0,0.0,0.0,0.0,0.0,0.0,0.0,0.0,0.0,0.0,0.0,0.0,0.0,0.0,0.0,0.0,0.0,0.0,0.0,0.0,0.0,0.0,0.0,0.0,0.0,0.0,0.0,0.0,0.0,0.0,0.0,0.0,0.0,0.0,0.0,0.0,0.0,0.0,0.0,0.0,0.0,0.0,0.0,0.0,0.0,0.0,0.0,0.0,0.0,0.0,0.0,0.0,0.0,0.0,0.0,0.0,0.0,0.0,0.0,0.0,0.0,0.0,0.0,0.0,0.0,0.0,0.0,0.0,0.0,0.0,0.0,0.0,0.0,0.0,0.0,0.0,0.0,0.0,0.0,0.0,0.0,0.0,0.0
District of Columbia,252181023.0,2520.0,181023.0,38.90417773,-77.01655992,705749.0,0.0,0.0,0.0,0.0,0.0,0.0,0.0,0.0,0.0,0.0,0.0,0.0,0.0,0.0,0.0,0.0,0.0,0.0,0.0,0.0,0.0,0.0,0.0,0.0,0.0,0.0,0.0,0.0,0.0,0.0,0.0,0.0,0.0,0.0,0.0,0.0,0.0,0.0,0.0,0.0,0.0,0.0,0.0,0.0,0.0,0.0,0.0,0.0,0.0,0.0,0.0,0.0,0.0,0.0,0.0,0.0,0.0,0.0,1.0,0.0,2.0,2.0,2.0,2.0,3.0,3.0,4.0,5.0,9.0,9.0,9.0,12.0,15.0,21.0,22.0,24.0,22.0,27.0,32.0,38.0,47.0,50.0,52.0,67.0,72.0,81.0,86.0,91.0,96.0,105.0,112.0,127.0,139.0,153.0,165.0,178.0,185.0,190.0,205.0,224.0,231.0,240.0,251.0,258.0,264.0,277.0,285.0,304.0,311.0,323.0,328.0,336.0,350.0,358.0,368.0,375.0,383.0,392.0,400.0,407.0,412.0,418.0,427.0,432.0,440.0,440.0,445.0,453.0,460.0,462.0,466.0,468.0,470.0,473.0,475.0,479.0,483.0,489.0,491.0,495.0,499.0,502.0,506.0,511.0,515.0,515.0,520.0,523.0,527.0
Florida,5796978574.0,57960.0,978574.0,1939.0305769000004,-5540.949841920001,21477737.0,0.0,0.0,0.0,0.0,0.0,0.0,0.0,0.0,0.0,0.0,0.0,0.0,0.0,0.0,0.0,0.0,0.0,0.0,0.0,0.0,0.0,0.0,0.0,0.0,0.0,0.0,0.0,0.0,0.0,0.0,0.0,0.0,0.0,0.0,0.0,0.0,0.0,0.0,0.0,0.0,0.0,0.0,0.0,0.0,0.0,0.0,2.0,2.0,2.0,2.0,2.0,2.0,2.0,3.0,3.0,5.0,7.0,9.0,11.0,13.0,13.0,18.0,18.0,23.0,29.0,35.0,54.0,56.0,63.0,85.0,87.0,164.0,170.0,195.0,221.0,236.0,283.0,309.0,354.0,390.0,438.0,461.0,499.0,571.0,596.0,668.0,725.0,748.0,774.0,822.0,867.0,893.0,987.0,1046.0,1055.0,1075.0,1088.0,1171.0,1218.0,1268.0,1314.0,1364.0,1379.0,1399.0,1471.0,1539.0,1600.0,1669.0,1715.0,1721.0,1735.0,1779.0,1827.0,1875.0,1917.0,1964.0,1973.0,1997.0,2052.0,2096.0,2144.0,2190.0,2233.0,2237.0,2252.0,2259.0,2319.0,2364.0,2413.0,2447.0,2451.0,2460.0,2530.0,2566.0,2607.0,2660.0,2688.0,2700.0,2712.0,2765.0,2801.0,2848.0,2877.0,2925.0,2931.0,2938.0,2993.0,3018.0,3061.0
Georgia,13526262703.0,135240.0,2262703.0,5216.5566110300015,-13288.811358250005,10617423.0,0.0,0.0,0.0,0.0,0.0,0.0,0.0,0.0,0.0,0.0,0.0,0.0,0.0,0.0,0.0,0.0,0.0,0.0,0.0,0.0,0.0,0.0,0.0,0.0,0.0,0.0,0.0,0.0,0.0,0.0,0.0,0.0,0.0,0.0,0.0,0.0,0.0,0.0,0.0,0.0,0.0,0.0,0.0,0.0,0.0,0.0,0.0,0.0,0.0,0.0,1.0,1.0,1.0,1.0,1.0,1.0,3.0,10.0,14.0,20.0,25.0,25.0,32.0,40.0,48.0,64.0,69.0,80.0,87.0,111.0,139.0,163.0,184.0,201.0,211.0,229.0,329.0,362.0,379.0,416.0,429.0,433.0,465.0,525.0,552.0,587.0,650.0,673.0,687.0,775.0,798.0,848.0,881.0,899.0,907.0,916.0,995.0,1036.0,1101.0,1132.0,1169.0,1177.0,1184.0,1246.0,1299.0,1327.0,1355.0,1400.0,1403.0,1406.0,1444.0,1498.0,1517.0,1545.0,1588.0,1598.0,1610.0,1649.0,1675.0,1697.0,1775.0,1808.0,1822.0,1827.0,1848.0,1896.0,1933.0,1973.0,1987.0,2004.0,2053.0,2094.0,2102.0,2123.0,2149.0,2174.0,2178.0,2180.0,2208.0,2285.0,2329.0,2375.0,2418.0,2447.0,2451.0,2494.0,2529.0,2575.0,2605.0
Grand Princess,84099999.0,840.0,99999.0,0.0,0.0,0.0,0.0,0.0,0.0,0.0,0.0,0.0,0.0,0.0,0.0,0.0,0.0,0.0,0.0,0.0,0.0,0.0,0.0,0.0,0.0,0.0,0.0,0.0,0.0,0.0,0.0,0.0,0.0,0.0,0.0,0.0,0.0,0.0,0.0,0.0,0.0,0.0,0.0,0.0,0.0,0.0,0.0,0.0,0.0,0.0,0.0,0.0,0.0,0.0,0.0,0.0,0.0,0.0,0.0,0.0,0.0,0.0,0.0,1.0,1.0,1.0,1.0,1.0,1.0,1.0,1.0,3.0,3.0,3.0,3.0,3.0,3.0,3.0,3.0,3.0,3.0,3.0,3.0,3.0,3.0,3.0,3.0,0.0,0.0,0.0,0.0,0.0,0.0,0.0,0.0,0.0,0.0,0.0,3.0,3.0,3.0,3.0,3.0,3.0,3.0,3.0,3.0,3.0,3.0,3.0,3.0,3.0,3.0,3.0,3.0,3.0,3.0,3.0,3.0,3.0,3.0,3.0,3.0,3.0,3.0,3.0,3.0,3.0,3.0,3.0,3.0,3.0,3.0,3.0,3.0,3.0,3.0,3.0,3.0,3.0,3.0,3.0,3.0,3.0,3.0,3.0,3.0,3.0,3.0,3.0,3.0,3.0,3.0,3.0,3.0
Guam,316.0,316.0,66.0,13.4443,144.7937,164229.0,0.0,0.0,0.0,0.0,0.0,0.0,0.0,0.0,0.0,0.0,0.0,0.0,0.0,0.0,0.0,0.0,0.0,0.0,0.0,0.0,0.0,0.0,0.0,0.0,0.0,0.0,0.0,0.0,0.0,0.0,0.0,0.0,0.0,0.0,0.0,0.0,0.0,0.0,0.0,0.0,0.0,0.0,0.0,0.0,0.0,0.0,0.0,0.0,0.0,0.0,0.0,0.0,0.0,0.0,0.0,0.0,0.0,0.0,0.0,0.0,1.0,1.0,1.0,1.0,1.0,1.0,1.0,1.0,1.0,2.0,3.0,3.0,4.0,4.0,4.0,4.0,4.0,4.0,4.0,4.0,5.0,5.0,5.0,5.0,5.0,5.0,5.0,5.0,5.0,5.0,5.0,5.0,5.0,5.0,5.0,5.0,5.0,5.0,5.0,5.0,5.0,5.0,5.0,5.0,5.0,5.0,5.0,5.0,5.0,5.0,5.0,5.0,5.0,5.0,5.0,5.0,5.0,5.0,5.0,5.0,5.0,5.0,5.0,5.0,5.0,5.0,5.0,5.0,5.0,5.0,5.0,5.0,5.0,5.0,5.0,5.0,5.0,5.0,5.0,5.0,5.0,5.0,5.0,5.0,5.0,5.0,5.0,5.0,5.0
Hawaii,588245055.0,5880.0,245055.0,105.14141503,-786.6161824,1415872.0,0.0,0.0,0.0,0.0,0.0,0.0,0.0,0.0,0.0,0.0,0.0,0.0,0.0,0.0,0.0,0.0,0.0,0.0,0.0,0.0,0.0,0.0,0.0,0.0,0.0,0.0,0.0,0.0,0.0,0.0,0.0,0.0,0.0,0.0,0.0,0.0,0.0,0.0,0.0,0.0,0.0,0.0,0.0,0.0,0.0,0.0,0.0,0.0,0.0,0.0,0.0,0.0,0.0,0.0,0.0,0.0,0.0,0.0,0.0,0.0,0.0,0.0,1.0,0.0,0.0,0.0,0.0,0.0,0.0,0.0,1.0,1.0,3.0,3.0,4.0,5.0,5.0,5.0,6.0,6.0,8.0,9.0,9.0,9.0,9.0,9.0,9.0,9.0,10.0,10.0,10.0,12.0,12.0,13.0,13.0,14.0,16.0,16.0,16.0,16.0,16.0,16.0,17.0,17.0,17.0,17.0,17.0,17.0,17.0,17.0,17.0,17.0,17.0,17.0,17.0,17.0,17.0,17.0,17.0,17.0,17.0,17.0,17.0,17.0,17.0,17.0,17.0,17.0,17.0,17.0,17.0,17.0,17.0,17.0,17.0,17.0,17.0,17.0,17.0,17.0,17.0,17.0,17.0,17.0,17.0,17.0,17.0,17.0,17.0
Idaho,3864875968.0,38640.0,875968.0,1947.5896553700004,-5036.245496399999,1787065.0,0.0,0.0,0.0,0.0,0.0,0.0,0.0,0.0,0.0,0.0,0.0,0.0,0.0,0.0,0.0,0.0,0.0,0.0,0.0,0.0,0.0,0.0,0.0,0.0,0.0,0.0,0.0,0.0,0.0,0.0,0.0,0.0,0.0,0.0,0.0,0.0,0.0,0.0,0.0,0.0,0.0,0.0,0.0,0.0,0.0,0.0,0.0,0.0,0.0,0.0,0.0,0.0,0.0,0.0,0.0,0.0,0.0,0.0,0.0,0.0,0.0,0.0,0.0,0.0,3.0,3.0,4.0,5.0,6.0,8.0,9.0,9.0,9.0,10.0,10.0,10.0,13.0,15.0,18.0,24.0,25.0,27.0,27.0,33.0,39.0,41.0,41.0,43.0,44.0,45.0,48.0,51.0,54.0,54.0,56.0,56.0,56.0,60.0,60.0,60.0,63.0,64.0,64.0,64.0,65.0,66.0,67.0,67.0,67.0,67.0,70.0,69.0,69.0,72.0,72.0,73.0,73.0,74.0,74.0,77.0,77.0,79.0,79.0,79.0,79.0,79.0,81.0,82.0,82.0,82.0,82.0,82.0,83.0,83.0,83.0,83.0,83.0,83.0,83.0,85.0,85.0,85.0,87.0,87.0,87.0,87.0,88.0,88.0,89.0
Illinois,8737914438.0,87360.0,1914438.0,4064.04900553,-9096.1896671,12671821.0,0.0,0.0,0.0,0.0,0.0,0.0,0.0,0.0,0.0,0.0,0.0,0.0,0.0,0.0,0.0,0.0,0.0,0.0,0.0,0.0,0.0,0.0,0.0,0.0,0.0,0.0,0.0,0.0,0.0,0.0,0.0,0.0,0.0,0.0,0.0,0.0,0.0,0.0,0.0,0.0,0.0,0.0,0.0,0.0,0.0,0.0,0.0,0.0,0.0,0.0,0.0,0.0,0.0,0.0,0.0,1.0,1.0,4.0,5.0,6.0,9.0,12.0,16.0,19.0,26.0,34.0,47.0,66.0,73.0,99.0,141.0,163.0,210.0,244.0,274.0,307.0,380.0,462.0,528.0,597.0,677.0,720.0,798.0,868.0,949.0,1072.0,1132.0,1259.0,1290.0,1349.0,1468.0,1565.0,1688.0,1795.0,1875.0,1933.0,1983.0,2125.0,2215.0,2355.0,2457.0,2559.0,2618.0,2659.0,2834.0,2974.0,3111.0,3241.0,3349.0,3406.0,3459.0,3601.0,3792.0,3928.0,4059.0,4129.0,4177.0,4234.0,4379.0,4525.0,4607.0,4715.0,4790.0,4856.0,4885.0,4923.0,5083.0,5186.0,5270.0,5330.0,5390.0,5412.0,5525.0,5621.0,5736.0,5795.0,5864.0,5904.0,5924.0,6018.0,6095.0,6185.0,6260.0,6289.0,6308.0,6326.0,6398.0,6485.0,6537.0
Indiana,7897834500.0,78960.0,1834500.0,3665.036491239999,-7932.1082973199955,6732219.0,0.0,0.0,0.0,0.0,0.0,0.0,0.0,0.0,0.0,0.0,0.0,0.0,0.0,0.0,0.0,0.0,0.0,0.0,0.0,0.0,0.0,0.0,0.0,0.0,0.0,0.0,0.0,0.0,0.0,0.0,0.0,0.0,0.0,0.0,0.0,0.0,0.0,0.0,0.0,0.0,0.0,0.0,0.0,0.0,0.0,0.0,0.0,0.0,0.0,0.0,0.0,0.0,0.0,0.0,1.0,2.0,2.0,2.0,3.0,4.0,6.0,7.0,12.0,14.0,17.0,25.0,31.0,32.0,35.0,49.0,65.0,78.0,102.0,116.0,127.0,143.0,173.0,203.0,245.0,300.0,330.0,343.0,350.0,387.0,436.0,477.0,522.0,545.0,562.0,577.0,635.0,666.0,706.0,741.0,786.0,813.0,844.0,901.0,964.0,1114.0,1175.0,1115.0,1132.0,1151.0,1211.0,1377.0,1414.0,1447.0,1490.0,1508.0,1540.0,1578.0,1619.0,1646.0,1691.0,1741.0,1751.0,1765.0,1824.0,1864.0,1913.0,1941.0,1964.0,1976.0,1984.0,2004.0,2030.0,2068.0,2110.0,2125.0,2134.0,2143.0,2197.0,2207.0,2231.0,2258.0,2292.0,2303.0,2316.0,2339.0,2355.0,2380.0,2396.0,2413.0,2422.0,2433.0,2447.0,2475.0,2491.0
Iowa,8486060839.0,84840.0,2060839.0,4160.9610923300015,-9253.08642292,3155070.0,0.0,0.0,0.0,0.0,0.0,0.0,0.0,0.0,0.0,0.0,0.0,0.0,0.0,0.0,0.0,0.0,0.0,0.0,0.0,0.0,0.0,0.0,0.0,0.0,0.0,0.0,0.0,0.0,0.0,0.0,0.0,0.0,0.0,0.0,0.0,0.0,0.0,0.0,0.0,0.0,0.0,0.0,0.0,0.0,0.0,0.0,0.0,0.0,0.0,0.0,0.0,0.0,0.0,0.0,0.0,0.0,0.0,0.0,0.0,0.0,0.0,0.0,0.0,1.0,1.0,3.0,3.0,4.0,6.0,7.0,9.0,11.0,11.0,14.0,18.0,25.0,25.0,27.0,29.0,31.0,34.0,41.0,41.0,49.0,53.0,60.0,64.0,74.0,75.0,79.0,83.0,90.0,96.0,107.0,112.0,118.0,127.0,136.0,148.0,162.0,170.0,175.0,184.0,188.0,207.0,219.0,231.0,243.0,252.0,265.0,271.0,289.0,306.0,318.0,336.0,346.0,351.0,355.0,367.0,393.0,410.0,424.0,446.0,456.0,456.0,477.0,496.0,506.0,524.0,531.0,535.0,555.0,561.0,574.0,583.0,593.0,599.0,605.0,617.0,626.0,631.0,640.0,644.0,650.0,652.0,658.0,665.0,675.0,680.0
Kansas,8990281065.0,89880.0,2281065.0,4040.9647841699993,-10298.87791087,2913314.0,0.0,0.0,0.0,0.0,0.0,0.0,0.0,0.0,0.0,0.0,0.0,0.0,0.0,0.0,0.0,0.0,0.0,0.0,0.0,0.0,0.0,0.0,0.0,0.0,0.0,0.0,0.0,0.0,0.0,0.0,0.0,0.0,0.0,0.0,0.0,0.0,0.0,0.0,0.0,0.0,0.0,0.0,0.0,0.0,0.0,0.0,0.0,0.0,0.0,0.0,0.0,1.0,1.0,1.0,1.0,1.0,1.0,1.0,1.0,2.0,2.0,2.0,2.0,3.0,3.0,4.0,4.0,7.0,8.0,9.0,10.0,12.0,18.0,21.0,22.0,25.0,29.0,34.0,42.0,42.0,55.0,56.0,62.0,69.0,71.0,80.0,82.0,85.0,93.0,102.0,109.0,112.0,113.0,118.0,120.0,121.0,126.0,127.0,134.0,134.0,140.0,142.0,144.0,156.0,161.0,164.0,165.0,168.0,174.0,174.0,180.0,184.0,188.0,189.0,193.0,195.0,195.0,198.0,199.0,202.0,204.0,205.0,205.0,205.0,207.0,210.0,213.0,214.0,215.0,215.0,215.0,217.0,222.0,226.0,227.0,232.0,233.0,233.0,236.0,237.0,240.0,243.0,243.0,245.0,245.0,246.0,246.0,247.0,251.0
Kentucky,10250704442.0,102480.0,2704442.0,4514.657262000001,-10223.986874159998,4467673.0,0.0,0.0,0.0,0.0,0.0,0.0,0.0,0.0,0.0,0.0,0.0,0.0,0.0,0.0,0.0,0.0,0.0,0.0,0.0,0.0,0.0,0.0,0.0,0.0,0.0,0.0,0.0,0.0,0.0,0.0,0.0,0.0,0.0,0.0,0.0,0.0,0.0,0.0,0.0,0.0,0.0,0.0,0.0,0.0,0.0,0.0,0.0,0.0,0.0,0.0,0.0,0.0,0.0,0.0,1.0,1.0,1.0,2.0,2.0,3.0,3.0,4.0,4.0,5.0,5.0,7.0,9.0,9.0,11.0,11.0,18.0,31.0,34.0,40.0,45.0,45.0,65.0,65.0,73.0,90.0,90.0,97.0,113.0,106.0,115.0,129.0,137.0,144.0,146.0,154.0,171.0,185.0,191.0,200.0,205.0,208.0,213.0,225.0,234.0,240.0,246.0,248.0,253.0,261.0,275.0,283.0,294.0,298.0,304.0,304.0,311.0,321.0,321.0,328.0,332.0,334.0,334.0,346.0,366.0,376.0,386.0,391.0,391.0,391.0,391.0,394.0,400.0,409.0,418.0,431.0,431.0,439.0,442.0,450.0,458.0,466.0,470.0,470.0,472.0,477.0,484.0,493.0,497.0,499.0,499.0,505.0,505.0,518.0,520.0
Louisiana,5545582140.0,55440.0,1582140.0,1989.9153525399995,-5876.747945990001,4648794.0,0.0,0.0,0.0,0.0,0.0,0.0,0.0,0.0,0.0,0.0,0.0,0.0,0.0,0.0,0.0,0.0,0.0,0.0,0.0,0.0,0.0,0.0,0.0,0.0,0.0,0.0,0.0,0.0,0.0,0.0,0.0,0.0,0.0,0.0,0.0,0.0,0.0,0.0,0.0,0.0,0.0,0.0,0.0,0.0,0.0,0.0,0.0,0.0,0.0,0.0,0.0,0.0,1.0,2.0,3.0,4.0,6.0,10.0,14.0,20.0,20.0,35.0,46.0,65.0,83.0,119.0,137.0,151.0,185.0,239.0,273.0,310.0,370.0,409.0,477.0,512.0,582.0,652.0,702.0,755.0,806.0,840.0,884.0,1013.0,1103.0,1156.0,1213.0,1267.0,1296.0,1328.0,1405.0,1473.0,1599.0,1660.0,1707.0,1729.0,1740.0,1801.0,1845.0,1905.0,1970.0,1993.0,2012.0,2064.0,2115.0,2167.0,2208.0,2227.0,2267.0,2286.0,2308.0,2347.0,2381.0,2417.0,2448.0,2479.0,2491.0,2563.0,2581.0,2608.0,2629.0,2668.0,2668.0,2691.0,2691.0,2702.0,2723.0,2741.0,2767.0,2786.0,2791.0,2801.0,2835.0,2870.0,2883.0,2912.0,2925.0,2936.0,2944.0,2957.0,2968.0,2987.0,2996.0,3004.0,3014.0,3018.0,3042.0,3062.0,3062.0
Maine,1512538302.0,15120.0,538302.0,715.0030145,-1112.38029805,1344212.0,0.0,0.0,0.0,0.0,0.0,0.0,0.0,0.0,0.0,0.0,0.0,0.0,0.0,0.0,0.0,0.0,0.0,0.0,0.0,0.0,0.0,0.0,0.0,0.0,0.0,0.0,0.0,0.0,0.0,0.0,0.0,0.0,0.0,0.0,0.0,0.0,0.0,0.0,0.0,0.0,0.0,0.0,0.0,0.0,0.0,0.0,0.0,0.0,0.0,0.0,0.0,0.0,0.0,0.0,0.0,0.0,0.0,0.0,0.0,0.0,0.0,0.0,0.0,0.0,0.0,1.0,1.0,3.0,3.0,5.0,5.0,7.0,9.0,10.0,10.0,10.0,12.0,14.0,16.0,17.0,19.0,19.0,19.0,20.0,24.0,27.0,29.0,32.0,34.0,35.0,36.0,39.0,44.0,47.0,47.0,50.0,51.0,51.0,52.0,53.0,55.0,56.0,57.0,57.0,61.0,62.0,62.0,63.0,64.0,64.0,65.0,65.0,66.0,69.0,69.0,70.0,70.0,71.0,73.0,73.0,73.0,75.0,77.0,78.0,78.0,79.0,81.0,84.0,85.0,89.0,89.0,89.0,94.0,95.0,95.0,98.0,98.0,99.0,99.0,100.0,100.0,100.0,100.0,100.0,100.0,101.0,101.0,102.0,102.0
Maryland,2184747127.0,21840.0,747127.0,936.35809657,-1840.2112226099998,6045680.0,0.0,0.0,0.0,0.0,0.0,0.0,0.0,0.0,0.0,0.0,0.0,0.0,0.0,0.0,0.0,0.0,0.0,0.0,0.0,0.0,0.0,0.0,0.0,0.0,0.0,0.0,0.0,0.0,0.0,0.0,0.0,0.0,0.0,0.0,0.0,0.0,0.0,0.0,0.0,0.0,0.0,0.0,0.0,0.0,0.0,0.0,0.0,0.0,0.0,0.0,0.0,0.0,0.0,0.0,0.0,0.0,0.0,1.0,2.0,2.0,3.0,3.0,4.0,4.0,4.0,5.0,5.0,10.0,15.0,18.0,31.0,36.0,43.0,54.0,67.0,91.0,103.0,124.0,138.0,171.0,206.0,236.0,262.0,302.0,311.0,319.0,334.0,421.0,461.0,582.0,652.0,698.0,748.0,798.0,875.0,910.0,945.0,1016.0,1078.0,1140.0,1080.0,1251.0,1281.0,1317.0,1390.0,1437.0,1503.0,1560.0,1614.0,1644.0,1683.0,1756.0,1809.0,1866.0,1911.0,1957.0,1992.0,2023.0,2081.0,2123.0,2159.0,2207.0,2243.0,2277.0,2302.0,2333.0,2392.0,2428.0,2466.0,2509.0,2532.0,2552.0,2597.0,2641.0,2668.0,2702.0,2740.0,2749.0,2776.0,2811.0,2844.0,2875.0,2900.0,2926.0,2939.0,2947.0,2982.0,2996.0,3016.0
Massachusetts,1428590248.0,14280.0,520246.0,630.9941489099999,-1071.27703141,6892503.0,0.0,0.0,0.0,0.0,0.0,0.0,0.0,0.0,0.0,0.0,0.0,0.0,0.0,0.0,0.0,0.0,0.0,0.0,0.0,0.0,0.0,0.0,0.0,0.0,0.0,0.0,0.0,0.0,0.0,0.0,0.0,0.0,0.0,0.0,0.0,0.0,0.0,0.0,0.0,0.0,0.0,0.0,0.0,0.0,0.0,0.0,0.0,0.0,0.0,0.0,0.0,0.0,0.0,0.0,0.0,0.0,0.0,0.0,1.0,1.0,5.0,9.0,11.0,15.0,25.0,35.0,44.0,48.0,56.0,89.0,122.0,154.0,192.0,216.0,231.0,260.0,356.0,433.0,503.0,599.0,686.0,756.0,844.0,844.0,1108.0,1108.0,1245.0,1404.0,1706.0,1706.0,1961.0,2182.0,2360.0,2556.0,2730.0,2899.0,3003.0,3153.0,3405.0,3562.0,3716.0,3846.0,4004.0,4090.0,4212.0,4420.0,4552.0,4702.0,4840.0,4979.0,5108.0,5141.0,5315.0,5482.0,5592.0,5705.0,5797.0,5862.0,5938.0,6066.0,6148.0,6228.0,6304.0,6372.0,6416.0,6473.0,6547.0,6640.0,6718.0,6768.0,6846.0,7035.0,7085.0,7152.0,7201.0,7235.0,7289.0,7316.0,7353.0,7408.0,7454.0,7492.0,7538.0,7576.0,7624.0,7647.0,7664.0,7733.0,7769.0
Michigan,7310474950.0,73080.0,2334941.0,3655.6204674499986,-7070.080729440003,9986857.0,0.0,0.0,0.0,0.0,0.0,0.0,0.0,0.0,0.0,0.0,0.0,0.0,0.0,0.0,0.0,0.0,0.0,0.0,0.0,0.0,0.0,0.0,0.0,0.0,0.0,0.0,0.0,0.0,0.0,0.0,0.0,0.0,0.0,0.0,0.0,0.0,0.0,0.0,0.0,0.0,0.0,0.0,0.0,0.0,0.0,0.0,0.0,0.0,0.0,0.0,1.0,1.0,1.0,1.0,1.0,1.0,2.0,2.0,3.0,6.0,12.0,18.0,31.0,51.0,71.0,107.0,130.0,157.0,213.0,292.0,370.0,453.0,518.0,585.0,675.0,793.0,917.0,1037.0,1164.0,1371.0,1487.0,1592.0,1724.0,1899.0,2056.0,2136.0,2375.0,2460.0,2551.0,2637.0,2746.0,2987.0,3157.0,3267.0,3339.0,3505.0,3598.0,3766.0,3869.0,3991.0,4069.0,4224.0,4258.0,4345.0,4391.0,4465.0,4556.0,4614.0,4757.0,4783.0,4812.0,4904.0,4945.0,5019.0,5058.0,5114.0,5124.0,5148.0,5250.0,5296.0,5366.0,5395.0,5460.0,5466.0,5479.0,5506.0,5574.0,5612.0,5646.0,5704.0,5731.0,5758.0,5795.0,5813.0,5839.0,5909.0,5916.0,5927.0,5942.0,5951.0,5952.0,5985.0,5990.0,6013.0,6016.0,6018.0,6034.0,6036.0,6061.0
Minnesota,7478526623.0,74760.0,2526623.0,3963.0251292199996,-8215.492913339998,5639632.0,0.0,0.0,0.0,0.0,0.0,0.0,0.0,0.0,0.0,0.0,0.0,0.0,0.0,0.0,0.0,0.0,0.0,0.0,0.0,0.0,0.0,0.0,0.0,0.0,0.0,0.0,0.0,0.0,0.0,0.0,0.0,0.0,0.0,0.0,0.0,0.0,0.0,0.0,0.0,0.0,0.0,0.0,0.0,0.0,0.0,0.0,0.0,0.0,0.0,0.0,0.0,0.0,0.0,0.0,0.0,0.0,0.0,0.0,0.0,1.0,1.0,1.0,1.0,1.0,2.0,4.0,5.0,9.0,10.0,12.0,17.0,18.0,22.0,24.0,29.0,30.0,34.0,39.0,50.0,57.0,64.0,70.0,70.0,79.0,87.0,87.0,111.0,121.0,134.0,143.0,160.0,179.0,200.0,221.0,244.0,272.0,286.0,301.0,319.0,343.0,370.0,394.0,418.0,427.0,455.0,485.0,508.0,534.0,558.0,578.0,591.0,614.0,638.0,672.0,692.0,709.0,731.0,740.0,757.0,786.0,818.0,851.0,861.0,878.0,890.0,908.0,942.0,977.0,1006.0,1036.0,1050.0,1060.0,1082.0,1097.0,1126.0,1159.0,1181.0,1197.0,1208.0,1228.0,1267.0,1280.0,1305.0,1314.0,1329.0,1335.0,1344.0,1357.0,1376.0
Mississippi,7058472780.0,70560.0,2472780.0,2689.00357846,-7350.949515640001,2976149.0,0.0,0.0,0.0,0.0,0.0,0.0,0.0,0.0,0.0,0.0,0.0,0.0,0.0,0.0,0.0,0.0,0.0,0.0,0.0,0.0,0.0,0.0,0.0,0.0,0.0,0.0,0.0,0.0,0.0,0.0,0.0,0.0,0.0,0.0,0.0,0.0,0.0,0.0,0.0,0.0,0.0,0.0,0.0,0.0,0.0,0.0,0.0,0.0,0.0,0.0,0.0,0.0,0.0,0.0,0.0,0.0,0.0,1.0,1.0,1.0,1.0,1.0,1.0,3.0,6.0,8.0,13.0,14.0,16.0,20.0,22.0,26.0,29.0,35.0,43.0,51.0,60.0,67.0,76.0,82.0,93.0,96.0,98.0,111.0,122.0,129.0,140.0,152.0,159.0,169.0,183.0,193.0,201.0,209.0,221.0,227.0,229.0,239.0,250.0,261.0,281.0,291.0,303.0,310.0,342.0,374.0,396.0,409.0,421.0,430.0,435.0,457.0,465.0,480.0,493.0,510.0,521.0,527.0,554.0,570.0,580.0,595.0,616.0,625.0,635.0,652.0,670.0,693.0,710.0,723.0,734.0,739.0,767.0,782.0,794.0,803.0,811.0,817.0,837.0,847.0,868.0,868.0,881.0,889.0,891.0,895.0,915.0,938.0,938.0
Missouri,9915588598.0,99120.0,3518595.0,4460.98472627,-10729.940478620003,6626371.0,0.0,0.0,0.0,0.0,0.0,0.0,0.0,0.0,0.0,0.0,0.0,0.0,0.0,0.0,0.0,0.0,0.0,0.0,0.0,0.0,0.0,0.0,0.0,0.0,0.0,0.0,0.0,0.0,0.0,0.0,0.0,0.0,0.0,0.0,0.0,0.0,0.0,0.0,0.0,0.0,0.0,0.0,0.0,0.0,0.0,0.0,0.0,0.0,0.0,0.0,0.0,0.0,0.0,0.0,0.0,0.0,1.0,1.0,3.0,3.0,3.0,4.0,8.0,9.0,9.0,9.0,13.0,16.0,16.0,19.0,24.0,32.0,45.0,51.0,64.0,72.0,92.0,107.0,123.0,133.0,145.0,157.0,167.0,185.0,202.0,216.0,229.0,236.0,242.0,263.0,281.0,301.0,317.0,343.0,357.0,374.0,395.0,409.0,424.0,443.0,457.0,472.0,484.0,495.0,524.0,539.0,562.0,583.0,594.0,605.0,622.0,632.0,653.0,665.0,680.0,691.0,698.0,714.0,729.0,740.0,749.0,758.0,765.0,768.0,773.0,780.0,776.0,789.0,794.0,812.0,814.0,815.0,825.0,831.0,833.0,840.0,848.0,850.0,854.0,862.0,865.0,865.0,881.0,885.0,885.0,887.0,891.0,909.0,945.0
Montana,4873853196.0,48720.0,1853196.0,2630.5827033899996,-6143.2221134,1068778.0,0.0,0.0,0.0,0.0,0.0,0.0,0.0,0.0,0.0,0.0,0.0,0.0,0.0,0.0,0.0,0.0,0.0,0.0,0.0,0.0,0.0,0.0,0.0,0.0,0.0,0.0,0.0,0.0,0.0,0.0,0.0,0.0,0.0,0.0,0.0,0.0,0.0,0.0,0.0,0.0,0.0,0.0,0.0,0.0,0.0,0.0,0.0,0.0,0.0,0.0,0.0,0.0,0.0,0.0,0.0,0.0,0.0,0.0,0.0,0.0,0.0,0.0,0.0,0.0,0.0,1.0,1.0,1.0,5.0,5.0,6.0,6.0,5.0,6.0,6.0,6.0,6.0,6.0,6.0,6.0,6.0,6.0,7.0,7.0,7.0,7.0,8.0,10.0,10.0,10.0,12.0,14.0,14.0,14.0,14.0,14.0,14.0,15.0,16.0,16.0,16.0,16.0,16.0,16.0,16.0,16.0,16.0,16.0,16.0,16.0,16.0,16.0,16.0,16.0,16.0,16.0,16.0,16.0,16.0,16.0,16.0,16.0,16.0,16.0,16.0,17.0,17.0,17.0,17.0,17.0,17.0,17.0,17.0,17.0,17.0,18.0,18.0,18.0,18.0,18.0,18.0,18.0,18.0,18.0,19.0,19.0,19.0,20.0,20.0
Nebraska,7983061711.0,79800.0,3061711.0,3842.9269300899973,-9210.62813682,1934408.0,0.0,0.0,0.0,0.0,0.0,0.0,0.0,0.0,0.0,0.0,0.0,0.0,0.0,0.0,0.0,0.0,0.0,0.0,0.0,0.0,0.0,0.0,0.0,0.0,0.0,0.0,0.0,0.0,0.0,0.0,0.0,0.0,0.0,0.0,0.0,0.0,0.0,0.0,0.0,0.0,0.0,0.0,0.0,0.0,0.0,0.0,0.0,0.0,0.0,0.0,0.0,0.0,0.0,0.0,0.0,0.0,0.0,0.0,0.0,0.0,0.0,0.0,0.0,0.0,0.0,0.0,2.0,2.0,2.0,3.0,4.0,5.0,6.0,6.0,8.0,9.0,10.0,12.0,14.0,15.0,17.0,17.0,17.0,20.0,20.0,21.0,24.0,24.0,28.0,33.0,33.0,38.0,47.0,50.0,50.0,56.0,56.0,56.0,56.0,70.0,73.0,73.0,78.0,78.0,78.0,78.0,91.0,90.0,90.0,90.0,98.0,100.0,103.0,103.0,113.0,123.0,123.0,123.0,123.0,138.0,138.0,147.0,147.0,147.0,147.0,147.0,153.0,163.0,164.0,170.0,170.0,170.0,170.0,170.0,187.0,187.0,187.0,187.0,188.0,189.0,191.0,212.0,215.0,215.0,215.0,220.0,231.0,234.0,239.0
Nevada,1596714838.0,15960.0,714838.0,667.3519446600001,-1998.5878900999996,3080156.0,0.0,0.0,0.0,0.0,0.0,0.0,0.0,0.0,0.0,0.0,0.0,0.0,0.0,0.0,0.0,0.0,0.0,0.0,0.0,0.0,0.0,0.0,0.0,0.0,0.0,0.0,0.0,0.0,0.0,0.0,0.0,0.0,0.0,0.0,0.0,0.0,0.0,0.0,0.0,0.0,0.0,0.0,0.0,0.0,0.0,0.0,0.0,0.0,0.0,0.0,0.0,0.0,0.0,0.0,1.0,1.0,1.0,1.0,2.0,2.0,2.0,4.0,4.0,6.0,10.0,10.0,10.0,15.0,15.0,26.0,31.0,38.0,43.0,46.0,46.0,46.0,72.0,72.0,81.0,90.0,102.0,112.0,114.0,126.0,131.0,137.0,142.0,151.0,158.0,159.0,163.0,172.0,195.0,197.0,205.0,206.0,206.0,219.0,230.0,243.0,246.0,255.0,258.0,265.0,270.0,289.0,297.0,294.0,313.0,310.0,312.0,321.0,331.0,333.0,343.0,347.0,350.0,358.0,358.0,377.0,383.0,386.0,387.0,380.0,394.0,394.0,402.0,406.0,406.0,417.0,417.0,417.0,417.0,431.0,430.0,436.0,437.0,438.0,442.0,446.0,449.0,459.0,461.0,462.0,463.0,465.0,467.0,473.0,475.0
New Hampshire,1008500166.0,10080.0,500166.0,434.78972876,-715.77656705,1359711.0,0.0,0.0,0.0,0.0,0.0,0.0,0.0,0.0,0.0,0.0,0.0,0.0,0.0,0.0,0.0,0.0,0.0,0.0,0.0,0.0,0.0,0.0,0.0,0.0,0.0,0.0,0.0,0.0,0.0,0.0,0.0,0.0,0.0,0.0,0.0,0.0,0.0,0.0,0.0,0.0,0.0,0.0,0.0,0.0,0.0,0.0,0.0,0.0,0.0,0.0,0.0,0.0,0.0,0.0,0.0,0.0,0.0,0.0,0.0,0.0,0.0,1.0,1.0,1.0,1.0,1.0,2.0,2.0,3.0,3.0,3.0,3.0,5.0,7.0,9.0,9.0,9.0,13.0,21.0,21.0,22.0,23.0,23.0,25.0,32.0,32.0,37.0,38.0,38.0,42.0,42.0,48.0,51.0,53.0,53.0,60.0,60.0,60.0,60.0,72.0,81.0,84.0,86.0,86.0,92.0,92.0,114.0,121.0,131.0,133.0,133.0,142.0,150.0,151.0,151.0,171.0,172.0,172.0,172.0,190.0,199.0,204.0,208.0,209.0,210.0,214.0,223.0,232.0,238.0,238.0,245.0,245.0,256.0,265.0,273.0,278.0,283.0,286.0,286.0,286.0,301.0,308.0,315.0,318.0,320.0,320.0,326.0,330.0,331.0
New Jersey,1932884509.0,19320.0,884509.0,846.0152591300001,-1567.07144401,8882190.0,0.0,0.0,0.0,0.0,0.0,0.0,0.0,0.0,0.0,0.0,0.0,0.0,0.0,0.0,0.0,0.0,0.0,0.0,0.0,0.0,0.0,0.0,0.0,0.0,0.0,0.0,0.0,0.0,0.0,0.0,0.0,0.0,0.0,0.0,0.0,0.0,0.0,0.0,0.0,0.0,0.0,0.0,0.0,0.0,0.0,0.0,0.0,0.0,1.0,1.0,1.0,1.0,1.0,2.0,2.0,3.0,5.0,9.0,11.0,16.0,20.0,27.0,44.0,62.0,81.0,108.0,140.0,161.0,198.0,267.0,355.0,537.0,646.0,846.0,917.0,1003.0,1232.0,1504.0,1709.0,1932.0,2183.0,2350.0,2443.0,2805.0,3156.0,3518.0,3840.0,4070.0,4362.0,4496.0,4753.0,5150.0,5426.0,5683.0,5914.0,5938.0,6044.0,6442.0,6771.0,7228.0,7538.0,7742.0,7871.0,7910.0,8244.0,8549.0,8807.0,8960.0,9116.0,9256.0,9340.0,9531.0,9714.0,9946.0,10148.0,10261.0,10363.0,10439.0,10587.0,10749.0,10846.0,10985.0,11082.0,11138.0,11147.0,11194.0,11339.0,11409.0,11531.0,11634.0,11698.0,11723.0,11771.0,11880.0,11970.0,12049.0,12106.0,12176.0,12214.0,12303.0,12377.0,12443.0,12489.0,12621.0,12659.0,12708.0,12792.0,12835.0,12869.0
New Mexico,2941326065.0,29400.0,1326065.0,1140.1288462999999,-3494.2745445,2096829.0,0.0,0.0,0.0,0.0,0.0,0.0,0.0,0.0,0.0,0.0,0.0,0.0,0.0,0.0,0.0,0.0,0.0,0.0,0.0,0.0,0.0,0.0,0.0,0.0,0.0,0.0,0.0,0.0,0.0,0.0,0.0,0.0,0.0,0.0,0.0,0.0,0.0,0.0,0.0,0.0,0.0,0.0,0.0,0.0,0.0,0.0,0.0,0.0,0.0,0.0,0.0,0.0,0.0,0.0,0.0,0.0,0.0,0.0,0.0,0.0,0.0,0.0,0.0,1.0,1.0,1.0,1.0,2.0,2.0,4.0,5.0,6.0,10.0,11.0,12.0,12.0,13.0,13.0,16.0,17.0,19.0,26.0,26.0,31.0,36.0,36.0,44.0,53.0,55.0,58.0,58.0,71.0,78.0,84.0,93.0,99.0,99.0,105.0,112.0,123.0,131.0,138.0,151.0,156.0,162.0,169.0,172.0,181.0,191.0,200.0,208.0,219.0,231.0,242.0,253.0,259.0,265.0,270.0,276.0,283.0,294.0,302.0,302.0,317.0,320.0,325.0,329.0,335.0,344.0,351.0,356.0,362.0,367.0,375.0,383.0,387.0,392.0,396.0,400.0,404.0,410.0,420.0,420.0,431.0,435.0,440.0,447.0,452.0,456.0
New York,5378405916.0,53760.0,2405916.0,2637.7373826599996,-4679.39936508,26161672.0,0.0,0.0,0.0,0.0,0.0,0.0,0.0,0.0,0.0,0.0,0.0,0.0,0.0,0.0,0.0,0.0,0.0,0.0,0.0,0.0,0.0,0.0,0.0,0.0,0.0,0.0,0.0,0.0,0.0,0.0,0.0,0.0,0.0,0.0,0.0,0.0,0.0,0.0,0.0,0.0,0.0,0.0,0.0,0.0,0.0,0.0,0.0,0.0,0.0,0.0,1.0,2.0,6.0,12.0,24.0,38.0,63.0,96.0,151.0,195.0,286.0,387.0,512.0,659.0,902.0,1211.0,1588.0,2016.0,2556.0,3207.0,3917.0,4730.0,5418.0,5991.0,6785.0,7809.0,8886.0,9834.0,10778.0,11605.0,12498.0,13442.0,14390.0,15261.0,16013.0,16729.0,17755.0,18760.0,18582.0,19176.0,19746.0,20203.0,20743.0,20955.0,22009.0,22269.0,22668.0,22912.0,23477.0,23587.0,24039.0,24198.0,24708.0,24999.0,25124.0,25623.0,26144.0,26243.0,26612.0,26641.0,26988.0,27284.0,27477.0,27641.0,27878.0,28049.0,28232.0,28339.0,28558.0,28636.0,28743.0,28853.0,29031.0,29141.0,29229.0,29302.0,29484.0,29529.0,29646.0,29710.0,29784.0,29917.0,29968.0,30019.0,30174.0,30236.0,30280.0,30374.0,30417.0,30458.0,30542.0,30580.0,30758.0,30795.0,30825.0,30856.0,30909.0,30939.0,30974.0
North Carolina,8571880074.0,85680.0,3880074.0,3562.420971000001,-7950.109873960003,10488084.0,0.0,0.0,0.0,0.0,0.0,0.0,0.0,0.0,0.0,0.0,0.0,0.0,0.0,0.0,0.0,0.0,0.0,0.0,0.0,0.0,0.0,0.0,0.0,0.0,0.0,0.0,0.0,0.0,0.0,0.0,0.0,0.0,0.0,0.0,0.0,0.0,0.0,0.0,0.0,0.0,0.0,0.0,0.0,0.0,0.0,0.0,0.0,0.0,0.0,0.0,0.0,0.0,0.0,0.0,0.0,0.0,0.0,0.0,0.0,0.0,0.0,0.0,0.0,2.0,3.0,4.0,5.0,7.0,7.0,12.0,14.0,21.0,27.0,34.0,38.0,45.0,53.0,66.0,76.0,83.0,89.0,89.0,94.0,112.0,130.0,150.0,177.0,187.0,200.0,218.0,245.0,265.0,281.0,294.0,305.0,324.0,340.0,363.0,382.0,406.0,419.0,431.0,434.0,442.0,472.0,492.0,513.0,530.0,551.0,564.0,575.0,600.0,625.0,641.0,667.0,676.0,686.0,693.0,693.0,726.0,728.0,775.0,778.0,784.0,790.0,801.0,844.0,876.0,919.0,929.0,937.0,948.0,961.0,999.0,1006.0,1015.0,1028.0,1032.0,1041.0,1068.0,1090.0,1106.0,1121.0,1127.0,1132.0,1140.0,1169.0,1181.0,1190.0
North Dakota,4622186885.0,46200.0,2186885.0,2511.8558565800004,-5313.217852090001,762062.0,0.0,0.0,0.0,0.0,0.0,0.0,0.0,0.0,0.0,0.0,0.0,0.0,0.0,0.0,0.0,0.0,0.0,0.0,0.0,0.0,0.0,0.0,0.0,0.0,0.0,0.0,0.0,0.0,0.0,0.0,0.0,0.0,0.0,0.0,0.0,0.0,0.0,0.0,0.0,0.0,0.0,0.0,0.0,0.0,0.0,0.0,0.0,0.0,0.0,0.0,0.0,0.0,0.0,0.0,0.0,0.0,0.0,0.0,0.0,0.0,0.0,0.0,0.0,0.0,0.0,1.0,1.0,1.0,2.0,3.0,3.0,3.0,3.0,3.0,3.0,3.0,4.0,4.0,5.0,6.0,7.0,7.0,8.0,8.0,9.0,9.0,9.0,9.0,9.0,9.0,13.0,14.0,15.0,15.0,16.0,17.0,19.0,19.0,19.0,19.0,23.0,24.0,25.0,25.0,25.0,31.0,31.0,33.0,35.0,35.0,36.0,38.0,40.0,40.0,42.0,42.0,43.0,44.0,45.0,49.0,51.0,52.0,52.0,53.0,54.0,54.0,56.0,57.0,59.0,60.0,61.0,61.0,65.0,66.0,66.0,71.0,72.0,72.0,72.0,72.0,73.0,74.0,74.0,74.0,74.0,74.0,74.0,74.0,75.0
Northern Mariana Islands,580.0,580.0,69.0,15.0979,145.6739,55144.0,0.0,0.0,0.0,0.0,0.0,0.0,0.0,0.0,0.0,0.0,0.0,0.0,0.0,0.0,0.0,0.0,0.0,0.0,0.0,0.0,0.0,0.0,0.0,0.0,0.0,0.0,0.0,0.0,0.0,0.0,0.0,0.0,0.0,0.0,0.0,0.0,0.0,0.0,0.0,0.0,0.0,0.0,0.0,0.0,0.0,0.0,0.0,0.0,0.0,0.0,0.0,0.0,0.0,0.0,0.0,0.0,0.0,0.0,0.0,0.0,0.0,0.0,0.0,0.0,0.0,0.0,0.0,0.0,0.0,0.0,1.0,1.0,1.0,1.0,1.0,1.0,2.0,2.0,2.0,2.0,2.0,2.0,2.0,2.0,2.0,2.0,2.0,2.0,2.0,2.0,2.0,2.0,2.0,2.0,2.0,2.0,2.0,2.0,2.0,2.0,2.0,2.0,2.0,2.0,2.0,2.0,2.0,2.0,2.0,2.0,2.0,2.0,2.0,2.0,2.0,2.0,2.0,2.0,2.0,2.0,2.0,2.0,2.0,2.0,2.0,2.0,2.0,2.0,2.0,2.0,2.0,2.0,2.0,2.0,2.0,2.0,2.0,2.0,2.0,2.0,2.0,2.0,2.0,2.0,2.0,2.0,2.0,2.0,2.0
Ohio,7563609822.0,75600.0,3609822.0,3547.3389435400018,-7289.51590458,11689100.0,0.0,0.0,0.0,0.0,0.0,0.0,0.0,0.0,0.0,0.0,0.0,0.0,0.0,0.0,0.0,0.0,0.0,0.0,0.0,0.0,0.0,0.0,0.0,0.0,0.0,0.0,0.0,0.0,0.0,0.0,0.0,0.0,0.0,0.0,0.0,0.0,0.0,0.0,0.0,0.0,0.0,0.0,0.0,0.0,0.0,0.0,0.0,0.0,0.0,0.0,0.0,0.0,0.0,0.0,0.0,0.0,0.0,0.0,3.0,3.0,3.0,6.0,8.0,11.0,15.0,19.0,25.0,29.0,40.0,55.0,65.0,81.0,91.0,102.0,119.0,142.0,167.0,193.0,213.0,231.0,247.0,253.0,274.0,324.0,362.0,407.0,418.0,451.0,471.0,509.0,557.0,610.0,656.0,690.0,711.0,728.0,753.0,799.0,937.0,976.0,1003.0,1022.0,1039.0,1057.0,1135.0,1225.0,1271.0,1306.0,1331.0,1341.0,1357.0,1436.0,1483.0,1534.0,1581.0,1610.0,1625.0,1657.0,1720.0,1781.0,1837.0,1872.0,1956.0,1969.0,1987.0,2002.0,2044.0,2098.0,2131.0,2149.0,2155.0,2207.0,2259.0,2300.0,2340.0,2357.0,2372.0,2379.0,2406.0,2423.0,2459.0,2492.0,2510.0,2556.0,2559.0,2575.0,2599.0,2611.0,2633.0
Oklahoma,6639256009.0,66360.0,3256009.0,2733.6474108,-7488.35776672,3956971.0,0.0,0.0,0.0,0.0,0.0,0.0,0.0,0.0,0.0,0.0,0.0,0.0,0.0,0.0,0.0,0.0,0.0,0.0,0.0,0.0,0.0,0.0,0.0,0.0,0.0,0.0,0.0,0.0,0.0,0.0,0.0,0.0,0.0,0.0,0.0,0.0,0.0,0.0,0.0,0.0,0.0,0.0,0.0,0.0,0.0,0.0,0.0,0.0,0.0,0.0,0.0,0.0,0.0,0.0,0.0,0.0,0.0,1.0,1.0,1.0,2.0,2.0,3.0,5.0,7.0,8.0,15.0,16.0,16.0,23.0,30.0,34.0,38.0,42.0,46.0,51.0,67.0,79.0,80.0,88.0,94.0,96.0,99.0,108.0,123.0,131.0,136.0,136.0,140.0,143.0,164.0,170.0,179.0,188.0,194.0,195.0,197.0,207.0,214.0,222.0,230.0,238.0,238.0,238.0,247.0,253.0,260.0,266.0,270.0,272.0,274.0,278.0,278.0,284.0,285.0,288.0,288.0,288.0,293.0,299.0,304.0,307.0,311.0,311.0,313.0,318.0,322.0,325.0,329.0,334.0,334.0,334.0,339.0,341.0,344.0,345.0,347.0,348.0,348.0,354.0,356.0,358.0,360.0,359.0,359.0,359.0,363.0,364.0,366.0
Oregon,3193647378.0,31920.0,1647378.0,1601.7264242899996,-4373.1691055,4217737.0,0.0,0.0,0.0,0.0,0.0,0.0,0.0,0.0,0.0,0.0,0.0,0.0,0.0,0.0,0.0,0.0,0.0,0.0,0.0,0.0,0.0,0.0,0.0,0.0,0.0,0.0,0.0,0.0,0.0,0.0,0.0,0.0,0.0,0.0,0.0,0.0,0.0,0.0,0.0,0.0,0.0,0.0,0.0,0.0,0.0,0.0,0.0,0.0,0.0,0.0,0.0,0.0,0.0,1.0,1.0,1.0,3.0,3.0,3.0,4.0,5.0,5.0,8.0,10.0,11.0,12.0,13.0,13.0,16.0,18.0,19.0,21.0,22.0,22.0,27.0,27.0,29.0,33.0,44.0,44.0,48.0,52.0,53.0,55.0,58.0,64.0,70.0,72.0,74.0,75.0,78.0,78.0,83.0,86.0,87.0,92.0,92.0,99.0,101.0,103.0,104.0,109.0,109.0,109.0,113.0,115.0,121.0,124.0,127.0,127.0,130.0,130.0,134.0,137.0,137.0,137.0,137.0,138.0,140.0,144.0,145.0,147.0,147.0,148.0,148.0,148.0,148.0,151.0,151.0,153.0,153.0,154.0,157.0,159.0,159.0,161.0,161.0,163.0,164.0,169.0,169.0,171.0,173.0,173.0,176.0,180.0,182.0,183.0,187.0
Pennsylvania,5798988573.0,57960.0,2988573.0,2734.8112497699994,-5200.22629518,12801989.0,0.0,0.0,0.0,0.0,0.0,0.0,0.0,0.0,0.0,0.0,0.0,0.0,0.0,0.0,0.0,0.0,0.0,0.0,0.0,0.0,0.0,0.0,0.0,0.0,0.0,0.0,0.0,0.0,0.0,0.0,0.0,0.0,0.0,0.0,0.0,0.0,0.0,0.0,0.0,0.0,0.0,0.0,0.0,0.0,0.0,0.0,0.0,0.0,0.0,0.0,0.0,0.0,0.0,0.0,0.0,0.0,1.0,1.0,1.0,2.0,4.0,6.0,8.0,15.0,18.0,22.0,34.0,41.0,50.0,63.0,74.0,90.0,102.0,136.0,151.0,179.0,247.0,318.0,345.0,418.0,503.0,557.0,589.0,691.0,779.0,841.0,921.0,1042.0,1276.0,1348.0,1614.0,1673.0,1724.0,1747.0,1793.0,1816.0,1886.0,2046.0,2373.0,2475.0,2635.0,2695.0,2720.0,2838.0,3179.0,3345.0,3589.0,3715.0,3779.0,3806.0,3832.0,3914.0,4094.0,4288.0,4422.0,4480.0,4495.0,4515.0,4628.0,4770.0,4869.0,5010.0,5112.0,5136.0,5146.0,5163.0,5265.0,5373.0,5464.0,5537.0,5555.0,5567.0,5667.0,5742.0,5832.0,5898.0,5931.0,5943.0,5953.0,6014.0,6062.0,6113.0,6162.0,6211.0,6215.0,6243.0,6276.0,6319.0,6361.0
Puerto Rico,630.0,630.0,72.0,18.2208,-66.5901,2933408.0,0.0,0.0,0.0,0.0,0.0,0.0,0.0,0.0,0.0,0.0,0.0,0.0,0.0,0.0,0.0,0.0,0.0,0.0,0.0,0.0,0.0,0.0,0.0,0.0,0.0,0.0,0.0,0.0,0.0,0.0,0.0,0.0,0.0,0.0,0.0,0.0,0.0,0.0,0.0,0.0,0.0,0.0,0.0,0.0,0.0,0.0,0.0,0.0,0.0,0.0,0.0,0.0,0.0,0.0,0.0,0.0,0.0,0.0,0.0,1.0,1.0,2.0,2.0,2.0,2.0,3.0,3.0,3.0,6.0,8.0,11.0,12.0,15.0,18.0,20.0,21.0,23.0,24.0,33.0,39.0,42.0,44.0,45.0,45.0,51.0,56.0,58.0,60.0,62.0,63.0,64.0,63.0,69.0,77.0,83.0,84.0,84.0,86.0,86.0,92.0,94.0,95.0,97.0,97.0,99.0,99.0,102.0,107.0,108.0,111.0,113.0,114.0,115.0,117.0,122.0,122.0,123.0,124.0,124.0,125.0,126.0,126.0,127.0,127.0,129.0,129.0,129.0,131.0,132.0,133.0,136.0,136.0,138.0,140.0,140.0,141.0,142.0,142.0,142.0,142.0,143.0,144.0,146.0,146.0,147.0,147.0,147.0,147.0,147.0
Rhode Island,588390113.0,5880.0,390113.0,208.27571053,-357.32052549,1059361.0,0.0,0.0,0.0,0.0,0.0,0.0,0.0,0.0,0.0,0.0,0.0,0.0,0.0,0.0,0.0,0.0,0.0,0.0,0.0,0.0,0.0,0.0,0.0,0.0,0.0,0.0,0.0,0.0,0.0,0.0,0.0,0.0,0.0,0.0,0.0,0.0,0.0,0.0,0.0,0.0,0.0,0.0,0.0,0.0,0.0,0.0,0.0,0.0,0.0,0.0,0.0,0.0,0.0,0.0,0.0,0.0,0.0,0.0,0.0,0.0,0.0,0.0,0.0,0.0,0.0,0.0,2.0,3.0,4.0,8.0,10.0,12.0,14.0,17.0,25.0,27.0,30.0,35.0,43.0,43.0,56.0,63.0,63.0,80.0,80.0,87.0,118.0,137.0,150.0,155.0,171.0,181.0,189.0,202.0,215.0,226.0,233.0,239.0,251.0,266.0,279.0,296.0,320.0,341.0,355.0,370.0,388.0,399.0,418.0,422.0,430.0,444.0,462.0,468.0,479.0,489.0,499.0,506.0,532.0,538.0,556.0,579.0,597.0,608.0,608.0,634.0,655.0,677.0,693.0,711.0,718.0,720.0,732.0,742.0,756.0,772.0,772.0,772.0,799.0,808.0,812.0,823.0,833.0,833.0,833.0,851.0,865.0,876.0,885.0
South Carolina,4034242206.0,40320.0,2242206.0,1562.0437180300005,-3725.2363858399995,5148714.0,0.0,0.0,0.0,0.0,0.0,0.0,0.0,0.0,0.0,0.0,0.0,0.0,0.0,0.0,0.0,0.0,0.0,0.0,0.0,0.0,0.0,0.0,0.0,0.0,0.0,0.0,0.0,0.0,0.0,0.0,0.0,0.0,0.0,0.0,0.0,0.0,0.0,0.0,0.0,0.0,0.0,0.0,0.0,0.0,0.0,0.0,0.0,0.0,0.0,0.0,0.0,0.0,0.0,0.0,1.0,1.0,1.0,1.0,3.0,3.0,3.0,5.0,5.0,7.0,9.0,13.0,15.0,16.0,18.0,22.0,26.0,31.0,34.0,40.0,44.0,48.0,51.0,51.0,67.0,72.0,80.0,82.0,82.0,97.0,106.0,111.0,116.0,119.0,120.0,123.0,124.0,140.0,150.0,157.0,166.0,174.0,177.0,192.0,231.0,244.0,256.0,267.0,275.0,283.0,296.0,305.0,316.0,320.0,330.0,331.0,346.0,355.0,362.0,371.0,380.0,380.0,385.0,391.0,399.0,407.0,416.0,419.0,425.0,435.0,440.0,446.0,466.0,470.0,483.0,487.0,494.0,500.0,501.0,501.0,501.0,539.0,539.0,546.0,557.0,568.0,575.0,588.0,593.0,599.0,600.0,602.0,607.0,617.0,621.0
South Dakota,5715210577.0,57120.0,3210577.0,2921.9978651999995,-6554.50198811,884659.0,0.0,0.0,0.0,0.0,0.0,0.0,0.0,0.0,0.0,0.0,0.0,0.0,0.0,0.0,0.0,0.0,0.0,0.0,0.0,0.0,0.0,0.0,0.0,0.0,0.0,0.0,0.0,0.0,0.0,0.0,0.0,0.0,0.0,0.0,0.0,0.0,0.0,0.0,0.0,0.0,0.0,0.0,0.0,0.0,0.0,0.0,0.0,0.0,0.0,1.0,1.0,1.0,1.0,1.0,1.0,1.0,1.0,1.0,1.0,1.0,1.0,1.0,1.0,1.0,1.0,1.0,1.0,1.0,1.0,1.0,2.0,2.0,2.0,2.0,2.0,4.0,6.0,6.0,6.0,6.0,6.0,6.0,6.0,6.0,6.0,7.0,7.0,7.0,7.0,7.0,8.0,9.0,9.0,10.0,10.0,11.0,11.0,11.0,13.0,17.0,21.0,21.0,21.0,21.0,24.0,29.0,31.0,31.0,34.0,34.0,34.0,39.0,39.0,43.0,44.0,44.0,44.0,44.0,46.0,46.0,48.0,50.0,50.0,50.0,50.0,50.0,54.0,54.0,59.0,62.0,62.0,62.0,62.0,62.0,64.0,64.0,65.0,65.0,65.0,68.0,69.0,73.0,74.0,75.0,75.0,75.0,77.0,78.0,78.0
Tennessee,8152644119.0,81480.0,4644119.0,3409.0847101599993,-8180.328683919998,6829174.0,0.0,0.0,0.0,0.0,0.0,0.0,0.0,0.0,0.0,0.0,0.0,0.0,0.0,0.0,0.0,0.0,0.0,0.0,0.0,0.0,0.0,0.0,0.0,0.0,0.0,0.0,0.0,0.0,0.0,0.0,0.0,0.0,0.0,0.0,0.0,0.0,0.0,0.0,0.0,0.0,0.0,0.0,0.0,0.0,0.0,0.0,0.0,0.0,0.0,0.0,0.0,0.0,0.0,0.0,0.0,0.0,0.0,0.0,1.0,1.0,2.0,2.0,2.0,3.0,3.0,6.0,7.0,8.0,14.0,23.0,24.0,36.0,41.0,50.0,53.0,65.0,72.0,80.0,94.0,98.0,106.0,106.0,109.0,124.0,124.0,136.0,141.0,142.0,148.0,152.0,157.0,157.0,171.0,169.0,177.0,181.0,184.0,188.0,195.0,199.0,204.0,209.0,210.0,219.0,226.0,239.0,238.0,242.0,242.0,243.0,251.0,266.0,273.0,287.0,290.0,295.0,298.0,301.0,305.0,305.0,313.0,315.0,329.0,336.0,338.0,343.0,353.0,356.0,361.0,364.0,364.0,364.0,381.0,388.0,401.0,408.0,417.0,418.0,421.0,435.0,437.0,441.0,466.0,472.0,474.0,482.0,493.0,498.0,508.0
Texas,21516426612.0,215040.0,12426612.0,8041.803434339999,-25057.879425249983,28995881.0,0.0,0.0,0.0,0.0,0.0,0.0,0.0,0.0,0.0,0.0,0.0,0.0,0.0,0.0,0.0,0.0,0.0,0.0,0.0,0.0,0.0,0.0,0.0,0.0,0.0,0.0,0.0,0.0,0.0,0.0,0.0,0.0,0.0,0.0,0.0,0.0,0.0,0.0,0.0,0.0,0.0,0.0,0.0,0.0,0.0,0.0,0.0,0.0,0.0,0.0,0.0,0.0,0.0,0.0,0.0,1.0,3.0,5.0,4.0,5.0,7.0,9.0,12.0,15.0,21.0,26.0,30.0,37.0,45.0,54.0,66.0,77.0,100.0,116.0,136.0,150.0,160.0,189.0,210.0,238.0,266.0,283.0,305.0,342.0,375.0,414.0,451.0,476.0,490.0,507.0,533.0,556.0,604.0,624.0,638.0,651.0,666.0,719.0,754.0,812.0,840.0,863.0,878.0,901.0,925.0,954.0,985.0,1025.0,1066.0,1094.0,1117.0,1146.0,1172.0,1235.0,1280.0,1318.0,1343.0,1350.0,1388.0,1426.0,1460.0,1470.0,1478.0,1528.0,1533.0,1546.0,1581.0,1611.0,1619.0,1652.0,1675.0,1683.0,1716.0,1744.0,1776.0,1812.0,1833.0,1841.0,1848.0,1867.0,1905.0,1930.0,1956.0,1971.0,1984.0,2001.0,2049.0,2089.0,2129.0
Utah,3110012044.0,31080.0,1591939.0,1388.55098628,-3904.5199434000006,3205958.0,0.0,0.0,0.0,0.0,0.0,0.0,0.0,0.0,0.0,0.0,0.0,0.0,0.0,0.0,0.0,0.0,0.0,0.0,0.0,0.0,0.0,0.0,0.0,0.0,0.0,0.0,0.0,0.0,0.0,0.0,0.0,0.0,0.0,0.0,0.0,0.0,0.0,0.0,0.0,0.0,0.0,0.0,0.0,0.0,0.0,0.0,0.0,0.0,0.0,0.0,0.0,0.0,0.0,0.0,0.0,0.0,0.0,0.0,0.0,0.0,1.0,1.0,1.0,1.0,1.0,1.0,1.0,2.0,4.0,5.0,5.0,7.0,7.0,8.0,8.0,13.0,13.0,13.0,13.0,17.0,18.0,18.0,13.0,18.0,20.0,20.0,23.0,25.0,27.0,28.0,32.0,32.0,35.0,39.0,41.0,41.0,41.0,41.0,45.0,46.0,46.0,49.0,50.0,50.0,56.0,58.0,61.0,61.0,66.0,67.0,68.0,73.0,75.0,75.0,77.0,78.0,80.0,80.0,88.0,90.0,92.0,93.0,97.0,97.0,98.0,101.0,105.0,106.0,107.0,112.0,113.0,113.0,113.0,117.0,117.0,120.0,121.0,121.0,124.0,127.0,128.0,131.0,139.0,139.0,139.0,143.0,145.0,149.0,152.0
Vermont,1344870296.0,13440.0,870296.0,618.2329411800001,-1017.58132988,623989.0,0.0,0.0,0.0,0.0,0.0,0.0,0.0,0.0,0.0,0.0,0.0,0.0,0.0,0.0,0.0,0.0,0.0,0.0,0.0,0.0,0.0,0.0,0.0,0.0,0.0,0.0,0.0,0.0,0.0,0.0,0.0,0.0,0.0,0.0,0.0,0.0,0.0,0.0,0.0,0.0,0.0,0.0,0.0,0.0,0.0,0.0,0.0,0.0,0.0,0.0,0.0,0.0,0.0,0.0,0.0,0.0,0.0,2.0,2.0,2.0,2.0,5.0,7.0,8.0,9.0,10.0,12.0,12.0,12.0,13.0,16.0,17.0,17.0,20.0,22.0,23.0,23.0,23.0,23.0,24.0,25.0,27.0,28.0,29.0,29.0,33.0,35.0,38.0,38.0,38.0,40.0,40.0,43.0,44.0,46.0,46.0,47.0,47.0,47.0,49.0,50.0,51.0,53.0,52.0,52.0,52.0,53.0,53.0,53.0,53.0,53.0,53.0,53.0,53.0,53.0,53.0,54.0,54.0,54.0,54.0,54.0,54.0,54.0,54.0,54.0,54.0,54.0,55.0,55.0,55.0,55.0,55.0,55.0,55.0,55.0,55.0,55.0,55.0,55.0,55.0,55.0,55.0,55.0,55.0,55.0,55.0,55.0,55.0,56.0
Virgin Islands,850.0,850.0,78.0,18.3358,-64.8963,107268.0,0.0,0.0,0.0,0.0,0.0,0.0,0.0,0.0,0.0,0.0,0.0,0.0,0.0,0.0,0.0,0.0,0.0,0.0,0.0,0.0,0.0,0.0,0.0,0.0,0.0,0.0,0.0,0.0,0.0,0.0,0.0,0.0,0.0,0.0,0.0,0.0,0.0,0.0,0.0,0.0,0.0,0.0,0.0,0.0,0.0,0.0,0.0,0.0,0.0,0.0,0.0,0.0,0.0,0.0,0.0,0.0,0.0,0.0,0.0,0.0,0.0,0.0,0.0,0.0,0.0,0.0,0.0,0.0,0.0,0.0,0.0,0.0,0.0,0.0,1.0,1.0,1.0,1.0,1.0,1.0,1.0,1.0,1.0,1.0,1.0,1.0,2.0,3.0,3.0,3.0,3.0,3.0,3.0,3.0,3.0,4.0,4.0,4.0,4.0,4.0,4.0,4.0,4.0,4.0,4.0,4.0,4.0,4.0,4.0,4.0,5.0,6.0,6.0,6.0,6.0,6.0,6.0,6.0,6.0,6.0,6.0,6.0,6.0,6.0,6.0,6.0,6.0,6.0,6.0,6.0,6.0,6.0,6.0,6.0,6.0,6.0,6.0,6.0,6.0,6.0,6.0,6.0,6.0,6.0,6.0,6.0,6.0,6.0,6.0
Virginia,11346988213.0,113400.0,6988213.0,4996.297993259999,-10442.323660759994,8535519.0,0.0,0.0,0.0,0.0,0.0,0.0,0.0,0.0,0.0,0.0,0.0,0.0,0.0,0.0,0.0,0.0,0.0,0.0,0.0,0.0,0.0,0.0,0.0,0.0,0.0,0.0,0.0,0.0,0.0,0.0,0.0,0.0,0.0,0.0,0.0,0.0,0.0,0.0,0.0,0.0,0.0,0.0,0.0,0.0,0.0,0.0,0.0,0.0,0.0,0.0,0.0,0.0,1.0,1.0,2.0,2.0,2.0,2.0,2.0,3.0,6.0,6.0,9.0,9.0,10.0,10.0,13.0,20.0,15.0,27.0,34.0,41.0,46.0,52.0,52.0,66.0,66.0,66.0,109.0,121.0,130.0,141.0,149.0,154.0,195.0,208.0,231.0,258.0,277.0,300.0,324.0,349.0,373.0,411.0,437.0,449.0,460.0,492.0,522.0,552.0,581.0,617.0,660.0,684.0,713.0,737.0,769.0,812.0,827.0,839.0,850.0,892.0,928.0,956.0,978.0,1003.0,1010.0,1015.0,1042.0,1075.0,1100.0,1136.0,1159.0,1171.0,1208.0,1236.0,1281.0,1338.0,1358.0,1370.0,1375.0,1392.0,1407.0,1428.0,1445.0,1454.0,1461.0,1472.0,1477.0,1496.0,1514.0,1520.0,1534.0,1541.0,1546.0,1552.0,1570.0,1583.0,1586.0
Washington,3446238627.0,34440.0,2238627.0,1842.11767038,-4708.0495962,7614893.0,0.0,0.0,0.0,0.0,0.0,0.0,0.0,0.0,0.0,0.0,0.0,0.0,0.0,0.0,0.0,0.0,0.0,0.0,0.0,0.0,0.0,0.0,0.0,0.0,0.0,0.0,0.0,0.0,0.0,0.0,0.0,0.0,0.0,0.0,0.0,0.0,0.0,0.0,1.0,1.0,6.0,7.0,10.0,11.0,13.0,16.0,18.0,19.0,23.0,24.0,31.0,37.0,39.0,40.0,48.0,55.0,67.0,73.0,83.0,94.0,97.0,109.0,116.0,133.0,150.0,157.0,188.0,198.0,205.0,225.0,234.0,271.0,291.0,315.0,336.0,381.0,400.0,426.0,456.0,483.0,495.0,506.0,513.0,530.0,552.0,579.0,603.0,613.0,636.0,643.0,664.0,686.0,711.0,722.0,737.0,749.0,764.0,786.0,801.0,814.0,824.0,830.0,834.0,841.0,862.0,870.0,891.0,905.0,921.0,931.0,945.0,962.0,974.0,983.0,991.0,999.0,1001.0,1002.0,1031.0,1037.0,1044.0,1050.0,1050.0,1061.0,1070.0,1078.0,1095.0,1106.0,1111.0,1118.0,1118.0,1123.0,1129.0,1135.0,1138.0,1149.0,1153.0,1157.0,1161.0,1176.0,1176.0,1194.0,1204.0,1213.0,1217.0,1220.0,1231.0,1226.0,1245.0
West Virginia,4791143133.0,47880.0,3143133.0,2134.78395387,-4433.959998229999,1792147.0,0.0,0.0,0.0,0.0,0.0,0.0,0.0,0.0,0.0,0.0,0.0,0.0,0.0,0.0,0.0,0.0,0.0,0.0,0.0,0.0,0.0,0.0,0.0,0.0,0.0,0.0,0.0,0.0,0.0,0.0,0.0,0.0,0.0,0.0,0.0,0.0,0.0,0.0,0.0,0.0,0.0,0.0,0.0,0.0,0.0,0.0,0.0,0.0,0.0,0.0,0.0,0.0,0.0,0.0,0.0,0.0,0.0,0.0,0.0,0.0,0.0,0.0,0.0,0.0,0.0,0.0,0.0,0.0,1.0,1.0,1.0,2.0,2.0,2.0,3.0,4.0,4.0,4.0,5.0,5.0,5.0,6.0,8.0,9.0,10.0,12.0,16.0,16.0,18.0,24.0,26.0,27.0,31.0,32.0,32.0,34.0,34.0,38.0,38.0,41.0,46.0,48.0,48.0,48.0,48.0,50.0,51.0,52.0,52.0,54.0,54.0,58.0,58.0,60.0,64.0,64.0,67.0,68.0,68.0,69.0,70.0,72.0,72.0,72.0,72.0,72.0,74.0,74.0,74.0,75.0,75.0,76.0,78.0,78.0,79.0,84.0,84.0,84.0,84.0,84.0,85.0,86.0,88.0,88.0,88.0,88.0,88.0,88.0,88.0
Wisconsin,6220135229.0,62160.0,4135229.0,3196.450331630001,-6465.454558629999,5822434.0,0.0,0.0,0.0,0.0,0.0,0.0,0.0,0.0,0.0,0.0,0.0,0.0,0.0,0.0,0.0,0.0,0.0,0.0,0.0,0.0,0.0,0.0,0.0,0.0,0.0,0.0,0.0,0.0,0.0,0.0,0.0,0.0,0.0,0.0,0.0,0.0,0.0,0.0,0.0,0.0,0.0,0.0,0.0,0.0,0.0,0.0,0.0,0.0,0.0,0.0,0.0,0.0,0.0,0.0,0.0,0.0,0.0,4.0,3.0,4.0,4.0,5.0,5.0,7.0,10.0,14.0,17.0,18.0,20.0,25.0,27.0,38.0,51.0,54.0,74.0,78.0,92.0,100.0,111.0,128.0,137.0,144.0,154.0,170.0,183.0,197.0,206.0,212.0,220.0,230.0,244.0,248.0,258.0,263.0,266.0,272.0,281.0,300.0,308.0,316.0,327.0,334.0,339.0,340.0,353.0,362.0,374.0,384.0,398.0,400.0,409.0,418.0,421.0,434.0,445.0,453.0,453.0,459.0,467.0,481.0,487.0,496.0,507.0,510.0,514.0,517.0,539.0,550.0,568.0,588.0,592.0,595.0,607.0,616.0,626.0,633.0,645.0,647.0,646.0,661.0,671.0,682.0,689.0,691.0,692.0,694.0,703.0,713.0,719.0
Wyoming,2101458641.0,21000.0,1458641.0,990.9983666200001,-2464.5245707,578759.0,0.0,0.0,0.0,0.0,0.0,0.0,0.0,0.0,0.0,0.0,0.0,0.0,0.0,0.0,0.0,0.0,0.0,0.0,0.0,0.0,0.0,0.0,0.0,0.0,0.0,0.0,0.0,0.0,0.0,0.0,0.0,0.0,0.0,0.0,0.0,0.0,0.0,0.0,0.0,0.0,0.0,0.0,0.0,0.0,0.0,0.0,0.0,0.0,0.0,0.0,0.0,0.0,0.0,0.0,0.0,0.0,0.0,0.0,0.0,0.0,0.0,0.0,0.0,0.0,0.0,0.0,0.0,0.0,0.0,0.0,0.0,0.0,0.0,0.0,0.0,0.0,0.0,0.0,0.0,0.0,0.0,0.0,1.0,1.0,1.0,2.0,2.0,2.0,2.0,2.0,2.0,6.0,7.0,7.0,7.0,7.0,7.0,7.0,7.0,7.0,7.0,7.0,7.0,7.0,7.0,7.0,7.0,7.0,7.0,7.0,7.0,7.0,7.0,7.0,7.0,7.0,8.0,10.0,10.0,11.0,12.0,12.0,12.0,12.0,12.0,13.0,14.0,15.0,15.0,16.0,16.0,17.0,17.0,17.0,17.0,17.0,17.0,17.0,17.0,17.0,18.0,18.0,18.0,18.0,18.0,18.0,18.0,18.0,18.0
